sample_id,amplicon_id,total_reads,amplicon_reads,amplicon_filtered_reads,amplicon_low_quality_reads,amplicon_primer_dimer_reads,amplicon_low_abundance_reads,variant_reads,variant_frequency,sequence,variant_id,variant_type,variant_consequence,variant_score
FLD0001,chr16_54931181,127404,92351,65738,26606,7,7748,10691,16.26,CCATGCCCGTGTGTGGCCATGTCCTATCCGCAGGGCTACTTGTACCAGCCGTCCGCCTCTACTCGTGCCCGGCGTACAGCACCAGCGTCATTTCGGGGCCCCGCACGGATGAGCTCGGCCGCTCTTCTTCGGGCTCCGCGTTCTCGCCCTACGCTGGCTCGACTGCCTTCACGGCGCCCTCGCCGGGCTACAACTCGCACCTCCA,var1,Deletion,FrameShift,16.26
FLD0001,chr16_54931181,127404,92351,65738,26606,7,7748,32542,49.5,CCATGCCCGTGTGTGCCCCTGGAGCACAGAGGAGGTTCTCAGTAGCTACAACTCGCACCTCCA,var2,Deletion_Insertion,ComplexFrameShift,39.6
FLD0001,chr16_54931181,127404,92351,65738,26606,7,7748,7008,10.66,CCATGCCCGTGTGTGGCCATGTCCTATCCGCAGGGCTACTTGTACCAGCCGTCCGCCTCGCTTGGCGCTCTACTCGTGCCCGGCGTACAGCACCAGCGTCATTTCGGGGCCCCGCACGGATGAGCTCGGCCGCTCTTCTTCGGGCTCCGCGTTCTCGCCCTACGCTGGCTCGACTGCCTTCACGGCGCCCTCGCCGGGCTACAACTCGCACCTCCA,var3,Insertion,FrameShift,10.66
FLD0002,chr16_54931181,256192,169437,83502,84792,1143,9118,67954,81.38,CCATGCCCGTGTGTGGCCATGTCCTATCCGCAGGGCTACTTGTACCAGCCGTCCGCCTCGCTCTACTCGTGCCCGGCGTACAGCACCAGCGTCATTTCGGGGCCCCGCACGGATGAGCTCGGCCGCTCTTCTTCGGGCTCCGCGTTCTCGCCCTACGCTGGCTCGACTGCCTTCACGGCGCCCTCGCCGGGCTACAACTCGCACCTCCA,var4,Deletion,Deletion,0.0
FLD0003,chr16_54931181,184284,123109,60429,62434,246,8889,4941,8.18,CCATGCCCGTGTGTGGCCATGTCCTATCCGCAGGGCTACTTGTACCAGCCGTCCGCCTCGCCTGGCGCTCTACTCGTGCCCGGCGTACAGCACCAGCGTCATTTCGGGGCCCCGCACGGATGAGCTCGGCCGCTCTTCTTCGGGCTCCGCGTTCTCGCCCTACGCTGGCTCGACTGCCTTCACGGCGCCCTCGCCGGGCTACAACTCGCACCTCCA,var5,Insertion,FrameShift,8.18
FLD0003,chr16_54931181,184284,123109,60429,62434,246,8889,29059,48.09,CCATGCCCGTGTGTGGCCATGTCCTATCCGCAGGGCTACTTGTACCAGCCGTCCGCCTCGCGTACAGCACCAGCGTCATTTCGGGGCCCCGCACGGATGAGCTCGGCCGCTCTTCTTCGGGCTCCGCGTTCTCGCCCTACGCTGGCTCGACTGCCTTCACGGCGCCCTCGCCGGGCTACAACTCGCACCTCCA,var6,Deletion,FrameShift,48.09
FLD0003,chr16_54931181,184284,123109,60429,62434,246,8889,16378,27.1,CCATGCCCGTGTGTGGCCATGTCCTATCCGCAGGGCTACTTGTACCAGCCGTCCGCCTCGCTCTACTCGTGCCCGGCGTACAGCACCAGCGTCATTTCGGGGCCCCGCACGGATGAGCTCGGCCGCTCTTCTTCGGGCTCCGCGTTCTCGCCCTACGCTGGCTCGACTGCCTTCACGGCGCCCTCGCCGGGCTACAACTCGCACCTCCA,var4,Deletion,Deletion,0.0
FLD0004,chr16_54931181,250746,170321,86032,84267,22,9622,67684,78.67,CCATGCCCGTGTGTGGCCATGTCCTATCCGCAGGGCTACTTGTACCAGCCGTCCGCCTCGCTTGGCGCTCTACTCGTGCCCGGCGTACAGCACCAGCGTCATTTCGGGGCCCCGCACGGATGAGCTCGGCCGCTCTTCTTCGGGCTCCGCGTTCTCGCCCTACGCTGGCTCGACTGCCTTCACGGCGCCCTCGCCGGGCTACAACTCGCACCTCCA,var3,Insertion,FrameShift,78.67
FLD0005,chr16_54931181,167722,124959,79427,38574,6958,17531,20612,25.95,CCATGCCCGTGTGTGGCCATGTCCTATCCGCAGGGCTACTTGTACCAGCCGTCCGCCTCGCTTGGCGCTCTACTCGTGCCCGGCGTACAGCACCAGCGTCATTTCGGGGCCCCGCACGGATGAGCTCGGCCGCTCTTCTTCGGGCTCCGCGTTCTCGCCCTACGCTGGCTCGACTGCCTTCACGGCGCCCTCGCCGGGCTACAACTCGCACCTCCA,var3,Insertion,FrameShift,25.95
FLD0005,chr16_54931181,167722,124959,79427,38574,6958,17531,28523,35.91,CCATGCCCGTGTGTGATTGGAAAGCAAAACTGCTGAAATGTTGGAATTTATTTGTTTCATGGGATGACCTAGCCTATTCTGACCAATAAGACCGGAAAATTAAGCTAGGTGGCTTCATGTTCAAGGCCAGCCTCCCAAATCATAGGCTAGAACTGCTTCAGTGAAGACAGTAATGCCATCGCTGCTGGCATAGATGCTACAACTCGCACCTCCA,var7,Deletion_Mismatch_Insertion,ComplexFrameShift,28.727999999999998
FLD0005,chr16_54931181,167722,124959,79427,38574,6958,17531,7472,9.41,CCATGCCCGTGTGTGGATTTGACCTTGTGGTTTTAGAAGTTCTAAGCCACCATTACCAATCCAACACTCTGGCTACAACTCGCACCTCCA,var8,Deletion_Mismatch_Insertion,ComplexFrameShift,7.5280000000000005
FLD0006,chr16_54931181,240298,161333,81405,79917,11,12895,18291,22.47,CCATGCCCGTGTGTGGCCATGTCCTATCCGCAGGGCTACTTGTACCAGCCGTCCGCCTCGCTTGGCGCTCTACTCGTGCCCGGCGTACAGCACCAGCGTCATTTCGGGGCCCCGCACGGATGAGCTCGGCCGCTCTTCTTCGGGCTCCGCGTTCTCGCCCTACGCTGGCTCGACTGCCTTCACGGCGCCCTCGCCGGGCTACAACTCGCACCTCCA,var3,Insertion,FrameShift,22.47
FLD0006,chr16_54931181,240298,161333,81405,79917,11,12895,40458,49.7,CCATGCCCGTGTGTGGCCATGTCCTATCCGCAGGGCTACTTGTACCAGCCGTCCGCCTCGCTCTACTCGTGCCCGGCGTACAGCACCAGCGTCATTTCGGGGCCCCGCACGGATGAGCTCGGCCGCTCTTCTTCGGGCTCCGCGTTCTCGCCCTACGCTGGCTCGACTGCCTTCACGGCGCCCTCGCCGGGCTACAACTCGCACCTCCA,var4,Deletion,Deletion,0.0
FLD0007,chr16_54931181,299084,199326,97922,101390,14,14953,31474,32.14,CCATGCCCGTGTGTGGCCATGTCCTATCCGCAGGGCTACTTGTACCAGCCGTCCGCCTCGCTCTACTCGTGCCCGGCGTACAGCACCAGCGTCATTTCGGGGCCCCGCACGGATGAGCTCGGCCGCTCTTCTTCGGGCTCCGCGTTCTCGCCCTACGCTGGCTCGACTGCCTTCACGGCGCCCTCGCCGGGCTACAACTCGCACCTCCA,var4,Deletion,Deletion,0.0
FLD0007,chr16_54931181,299084,199326,97922,101390,14,14953,20752,21.19,CCATGCCCGTGTGTGGCCATGTCCTATCCGCAGGGCTACTTGTACCAGCCGTCCGCCTCGCTTGGCGCTCTACTCGTGCCCGGCGTACAGCACCAGCGTCATTTCGGGGCCCCGCACGGATGAGCTCGGCCGCTCTTCTTCGGGCTCCGCGTTCTCGCCCTACGCTGGCTCGACTGCCTTCACGGCGCCCTCGCCGGGCTACAACTCGCACCTCCA,var3,Insertion,FrameShift,21.19
FLD0007,chr16_54931181,299084,199326,97922,101390,14,14953,13944,14.24,CCATGCCCGTGTGTGGCCATGTCCTATCCGCAGGGCTACTTGTACCAGCCGTCCGCCGCGCTCTACTCGTGCCCGGCGTACAGCACCAGCGTCATTTCGGGGCCCCGCACGGATGAGCTCGGCCGCTCTTCTTCGGGCTCCGCGTTCTCGCCCTACGCTGGCTCGACTGCCTTCACGGCGCCCTCGCCGGGCTACAACTCGCACCTCCA,var9,Deletion,Deletion,0.0
FLD0007,chr16_54931181,299084,199326,97922,101390,14,14953,13620,13.91,CCATGCCCGTGTGTGGCCATGTCCTATCCGCAGGGCTACTTGTACCAGCCGTCCGCCACGCTCTACTCGTGCCCGGCGTACAGCACCAGCGTCATTTCGGGGCCCCGCACGGATGAGCTCGGCCGCTCTTCTTCGGGCTCCGCGTTCTCGCCCTACGCTGGCTCGACTGCCTTCACGGCGCCCTCGCCGGGCTACAACTCGCACCTCCA,var10,Deletion,ComplexSubstitution,6.955
FLD0008,chr16_54931181,280560,186179,96479,89680,20,11152,71867,74.49,CCATGCCCGTGTGTGGCCATGTCCTATCCGCAGGGCTACTTGTACCAGCCGTCCGCCTCGCTTGGCGCTCTACTCGTGCCCGGCGTACAGCACCAGCGTCATTTCGGGGCCCCGCACGGATGAGCTCGGCCGCTCTTCTTCGGGCTCCGCGTTCTCGCCCTACGCTGGCTCGACTGCCTTCACGGCGCCCTCGCCGGGCTACAACTCGCACCTCCA,var3,Insertion,FrameShift,74.49
FLD0009,chr16_54931181,265678,181035,91879,89150,6,11302,62211,67.71,CCATGCCCGTGTGTGGCCATGTCCTATCCGCAGGGCTACTTGTACCAGCCGTCCGCCTCGCTTGGCGCTCTACTCGTGCCCGGCGTACAGCACCAGCGTCATTTCGGGGCCCCGCACGGATGAGCTCGGCCGCTCTTCTTCGGGCTCCGCGTTCTCGCCCTACGCTGGCTCGACTGCCTTCACGGCGCCCTCGCCGGGCTACAACTCGCACCTCCA,var3,Insertion,FrameShift,67.71
FLD0010,chr16_54931181,257640,158626,70289,88311,26,9051,51502,73.27,CCATGCCCGTGTGTGGCCATGTCCTATCCGCAGGGCTACTTGTACCAGCCGTCCGCCTCGCTGGCGCTCTACTCGTGCCCGGCGTACAGCACCAGCGTCATTTCGGGGCCCCGCACGGATGAGCTCGGCCGCTCTTCTTCGGGCTCCGCGTTCTCGCCCTACGCTGGCTCGACTGCCTTCACGGCGCCCTCGCCGGGCTACAACTCGCACCTCCA,var11,WildType,WildType,0.0
FLD0011,chr16_54931181,218424,142308,70261,72023,24,10753,32522,46.29,CCATGCCCGTGTGTGGCCATGTCCTATCCGCAGGGCTACTTGTACCAGCCGTCCGCCTCGTGCCCGGCGTACAGCACCAGCGTCATTTCGGGGCCCCGCACGGATGAGCTCGGCCGCTCTTCTTCGGGCTCCGCGTTCTCGCCCTACGCTGGCTCGACTGCCTTCACGGCGCCCTCGCCGGGCTACAACTCGCACCTCCA,var12,Deletion,Deletion,0.0
FLD0011,chr16_54931181,218424,142308,70261,72023,24,10753,16337,23.25,CCATGCCCGTGTGTGGCCATGTCCTATCCGCAGGGCTACTTGTACCAGCCGTCCGCCTCGCTTGGCGCTCTACTCGTGCCCGGCGTACAGCACCAGCGTCATTTCGGGGCCCCGCACGGATGAGCTCGGCCGCTCTTCTTCGGGCTCCGCGTTCTCGCCCTACGCTGGCTCGACTGCCTTCACGGCGCCCTCGCCGGGCTACAACTCGCACCTCCA,var3,Insertion,FrameShift,23.25
FLD0011,chr16_54931181,218424,142308,70261,72023,24,10753,3518,5.01,CCATGCCCGTGTGTGGCCATGTCCTATCCGCAGGGCTACTTGTACCAGCCGTCCGCCTCGCGTACAGCACCAGCGTCATTTCGGGGCCCCGCACGGATGAGCTCGGCCGCTCTTCTTCGGGCTCCGCGTTCTCGCCCTACGCTGGCTCGACTGCCTTCACGGCGCCCTCGCCGGGCTACAACTCGCACCTCCA,var6,Deletion,FrameShift,5.01
FLD0012,chr16_54931181,271140,182965,92926,90019,20,9611,75730,81.49,CCATGCCCGTGTGTGGCCATGTCCTATCCGCAGGGCTACTTGTACCAGCCGTCCGCCTCGCTTGGCGCTCTACTCGTGCCCGGCGTACAGCACCAGCGTCATTTCGGGGCCCCGCACGGATGAGCTCGGCCGCTCTTCTTCGGGCTCCGCGTTCTCGCCCTACGCTGGCTCGACTGCCTTCACGGCGCCCTCGCCGGGCTACAACTCGCACCTCCA,var3,Insertion,FrameShift,81.49
FLD0013,chr16_54931181,347262,229225,112919,116272,34,14030,38205,33.83,CCATGCCCGTGTGTGGCCATGTCCTATCCGCAGGGCTACTTGTACCAGCCGTCCGCCTCGCTCTACTCGTGCCCGGCGTACAGCACCAGCGTCATTTCGGGGCCCCGCACGGATGAGCTCGGCCGCTCTTCTTCGGGCTCCGCGTTCTCGCCCTACGCTGGCTCGACTGCCTTCACGGCGCCCTCGCCGGGCTACAACTCGCACCTCCA,var4,Deletion,Deletion,0.0
FLD0013,chr16_54931181,347262,229225,112919,116272,34,14030,56314,49.87,CCATGCCCGTGTGTGGCCATGTCCTATCCGCAGGGCTACTTGTACCAGCCGTCCGCCCCGGCGTACAGCACCAGCGTCATTTCGGGGCCCCGCACGGATGAGCTCGGCCGCTCTTCTTCGGGCTCCGCGTTCTCGCCCTACGCTGGCTCGACTGCCTTCACGGCGCCCTCGCCGGGCTACAACTCGCACCTCCA,var13,Deletion,Deletion,0.0
FLD0014,chr16_54931181,366738,244636,121439,123172,25,10364,93910,77.33,CCATGCCCGTGTGTGGCCATGTCCTATCCGCAGGGCTACTTGTACCAGCCGTCCGCCTCGCTTGGCGCTCTACTCGTGCCCGGCGTACAGCACCAGCGTCATTTCGGGGCCCCGCACGGATGAGCTCGGCCGCTCTTCTTCGGGCTCCGCGTTCTCGCCCTACGCTGGCTCGACTGCCTTCACGGCGCCCTCGCCGGGCTACAACTCGCACCTCCA,var3,Insertion,FrameShift,77.33
FLD0015,chr16_54931181,379648,255868,126758,129086,24,17610,43936,34.66,CCATGCCCGTGTGTGGCCATGTCCTATCCGCAGGGCTACTTGTACCAGCCGTCCGCCTCGCCCGGCGTACAGCACCAGCGTCATTTCGGGGCCCCGCACGGATGAGCTCGGCCGCTCTTCTTCGGGCTCCGCGTTCTCGCCCTACGCTGGCTCGACTGCCTTCACGGCGCCCTCGCCGGGCTACAACTCGCACCTCCA,var14,Deletion,FrameShift,34.66
FLD0015,chr16_54931181,379648,255868,126758,129086,24,17610,48591,38.33,CCATGCCCGTGTGTGGCCATGTCCTATCCGCAGGGCTACTTGTACCAGCCGTCCGCCTCGCTCTACTCGTGCCCGGCGTACAGCACCAGCGTCATTTCGGGGCCCCGCACGGATGAGCTCGGCCGCTCTTCTTCGGGCTCCGCGTTCTCGCCCTACGCTGGCTCGACTGCCTTCACGGCGCCCTCGCCGGGCTACAACTCGCACCTCCA,var4,Deletion,Deletion,0.0
FLD0015,chr16_54931181,379648,255868,126758,129086,24,17610,7891,6.23,CCATGCCCGTGTGTGGCCATGTCCTATCCGCAGGGCTACTTGTACCAGCCGTCCGCCTCGCTTGGCGCTCTACTCGTGCCCGGCGTACAGCACCAGCGTCATTTCGGGGCCCCGCACGGATGAGCTCGGCCGCTCTTCTTCGGGCTCCGCGTTCTCGCCCTACGCTGGCTCGACTGCCTTCACGGCGCCCTCGCCGGGCTACAACTCGCACCTCCA,var3,Insertion,FrameShift,6.23
FLD0016,chr16_54931181,376482,254868,129281,124874,713,10060,99787,77.19,CCATGCCCGTGTGTGGCCATGTCCTATCCGCAGGGCTACTTGTACCAGCCGTCCGCCTCGCTTGGCGCTCTACTCGTGCCCGGCGTACAGCACCAGCGTCATTTCGGGGCCCCGCACGGATGAGCTCGGCCGCTCTTCTTCGGGCTCCGCGTTCTCGCCCTACGCTGGCTCGACTGCCTTCACGGCGCCCTCGCCGGGCTACAACTCGCACCTCCA,var3,Insertion,FrameShift,77.19
FLD0017,chr16_54931181,198744,136101,72507,62943,651,14299,21454,29.59,CCATGCCCGTGTGTGGCCATGTCCTATCCGCAGGGCTACTTGTACCAGCCGTCCGCCTCGCTCTACTCGTGCCCGGCGTACAGCACCAGCGTCATTTCGGGGCCCCGCACGGATGAGCTCGGCCGCTCTTCTTCGGGCTCCGCGTTCTCGCCCTACGCTGGCTCGACTGCCTTCACGGCGCCCTCGCCGGGCTACAACTCGCACCTCCA,var4,Deletion,Deletion,0.0
FLD0017,chr16_54931181,198744,136101,72507,62943,651,14299,26095,35.99,CCATGCCCGTGTGTGGCCATGTCCTATCCGCAGGGCTACTTGTACCAGCCGTCCGCCTCGTGCCCGGCGTACAGCACCAGCGTCATTTCGGGGCCCCGCACGGATGAGCTCGGCCGCTCTTCTTCGGGCTCCGCGTTCTCGCCCTACGCTGGCTCGACTGCCTTCACGGCGCCCTCGCCGGGCTACAACTCGCACCTCCA,var12,Deletion,Deletion,0.0
FLD0017,chr16_54931181,198744,136101,72507,62943,651,14299,5479,7.56,CCATGCCCGTGTGTGCCAGCAGGTAAGGGCAAATGAGCCCAACATAACTGTAATAATAACAATCTAATGGCCCAAGCTCCTGGCAAAGCCTACTCTGGCTACTGCTACAACTCGCACCTCCA,var15,Deletion_Mismatch_Insertion,ComplexFrameShift,6.048
FLD0018,chr16_54931181,255430,170277,96494,73610,173,18893,47091,48.8,CCATGCCCGTGTGTGGCCATGTCCTATCCGCAGGGCTACTTGTACCAGCCGTCCGCCTCGCTTGGCGCTCTACTCGTGCCCGGCGTACAGCACCAGCGTCATTTCGGGGCCCCGCACGGATGAGCTCGGCCGCTCTTCTTCGGGCTCCGCGTTCTCGCCCTACGCTGGCTCGACTGCCTTCACGGCGCCCTCGCCGGGCTACAACTCGCACCTCCA,var3,Insertion,FrameShift,48.8
FLD0018,chr16_54931181,255430,170277,96494,73610,173,18893,17682,18.32,CCATGCCCGTGTGTGCCAATTATGGGACTTACCCACCCAGATTTAGACATAGGTCAGTGGAACTGACCCTAAGAAGAGGCAGCAATATAGGTAAGAATGAAAGCTAAGGCACATCTAACAGCCATCCATGGGTGGGGAGGGCTACAACTCGCACCTCCA,var16,Deletion_Mismatch_Insertion,ComplexFrameShift,14.656
FLD0019,chr16_54931181,197674,135374,67761,64962,2651,9402,48612,71.74,CCATGCCCGTGTGTGGCCATGTCCTATCCGCAGGGCTACTTGTACCAGCCGTCCGCCTCGCTTGGCGCTCTACTCGTGCCCGGCGTACAGCACCAGCGTCATTTCGGGGCCCCGCACGGATGAGCTCGGCCGCTCTTCTTCGGGCTCCGCGTTCTCGCCCTACGCTGGCTCGACTGCCTTCACGGCGCCCTCGCCGGGCTACAACTCGCACCTCCA,var3,Insertion,FrameShift,71.74
FLD0022,chr16_54931181,300650,196814,86295,96190,14329,15553,13007,15.07,CCATGCCCGTGTGTGGCCATGTCCTATCCGCAGGGCTACTTGTACCAGCCGTCCGCCTCGCTCTACTCGTGCCCGGCGTACAGCACCAGCGTCATTTCGGGGCCCCGCACGGATGAGCTCGGCCGCTCTTCTTCGGGCTCCGCGTTCTCGCCCTACGCTGGCTCGACTGCCTTCACGGCGCCCTCGCCGGGCTACAACTCGCACCTCCA,var4,Deletion,Deletion,0.0
FLD0022,chr16_54931181,300650,196814,86295,96190,14329,15553,40620,47.07,CCATGCCCGTGTGTGGCCATGTCCTATCCGCAGGGCTACTTGTACCAGCCGTCCGCCTCGCTTGGCGCTCTACTCGTGCCCGGCGTACAGCACCAGCGTCATTTCGGGGCCCCGCACGGATGAGCTCGGCCGCTCTTCTTCGGGCTCCGCGTTCTCGCCCTACGCTGGCTCGACTGCCTTCACGGCGCCCTCGCCGGGCTACAACTCGCACCTCCA,var3,Insertion,FrameShift,47.07
FLD0022,chr16_54931181,300650,196814,86295,96190,14329,15553,4988,5.78,CCATGCCCGTGTGTGGCCATGTCCTATCCGCAGGGCTACTTGTACCAGCCGTCCGCCTCGCGTAAGCGGCGCTTACGTAGGCGTAAGCGGCGCTCTACTCGTGCCCGGCGTACAGCACCAGCGTCATTTCGGGGCCCCGCACGGATGAGCTCGGCCGCTCTTCTTCGGGCTCCGCGTTCTCGCCCTACGCTGGCTCGACTGCCTTCACGGCGCCCTCGCCGGGCTACAACTCGCACCTCCA,var17,Insertion,FrameShift,5.78
FLD0023,chr16_54931181,320808,188327,85542,102765,20,14718,46620,54.5,CCATGCCCGTGTGTGGCCATGTCCTATCCGCAGGGCTACTTGTACCAGCCGTCCGCCTCGCTCGTGCCCGGCGTACAGCACCAGCGTCATTTCGGGGCCCCGCACGGATGAGCTCGGCCGCTCTTCTTCGGGCTCCGCGTTCTCGCCCTACGCTGGCTCGACTGCCTTCACGGCGCCCTCGCCGGGCTACAACTCGCACCTCCA,var18,Deletion,FrameShift,54.5
FLD0023,chr16_54931181,320808,188327,85542,102765,20,14718,13858,16.2,CCATGCCCGTGTGTGGCCATGTCCTATCCGCAGGGCTACTTGTACCAGCCGTCCGCCTCGCTGGTACAAGCACGCTACTCGTGCCCGGCGTACAGCACCAGCGTCATTTCGGGGCCCCGCACGGATGAGCTCGGCCGCTCTTCTTCGGGCTCCGCGTTCTCGCCCTACGCTGGCTCGACTGCCTTCACGGCGCCCTCGCCGGGCTACAACTCGCACCTCCA,var19,Deletion_Insertion,ComplexFrameShift,12.96
FLD0024,chr16_54931181,402102,292138,190074,93213,8851,19680,128931,67.83,CCATGCCCGTGTGTGGCCATGTCCTATCCGCAGGGCTACTTGTACCAGCCGTCCGCCTCGCCCTACGCGTTCTCGCCCTACGCTGGCTCGACTGCCTTCACGGCGCCCTCGCCGGGCTACAACTCGTGCTACAACTAGAGGGCTACAACTCGCACCTCCA,var20,Deletion_Insertion,ComplexFrameShift,54.264
FLD0025,chr16_54931181,45418,34608,16880,457,17271,1328,3327,19.71,CCATGCCCGTGTGTGTGTGTGTGTGTGTGGCTACAACTCGCACCTCCA,var21,Deletion,ComplexFrameShift,15.768
FLD0025,chr16_54931181,45418,34608,16880,457,17271,1328,11273,66.78,CCATGCCCGTGTGTGTGTGTGTGTGTGGCTACAACTCGCACCTCCA,var22,Deletion,ComplexFrameShift,53.42400000000001
FLD0028,chr16_54931181,219400,150690,83682,66067,941,13039,13107,15.66,CCATGCCCGTGTGTGCCCCTGGAGCACAGAGGAGGTTCTCAGTAGCTACAACTCGCACCTCCA,var2,Deletion_Insertion,ComplexFrameShift,12.528
FLD0028,chr16_54931181,219400,150690,83682,66067,941,13039,7260,8.68,CCATGCCCGTGTGTGGCCATGTCCTATCCGCAGGGCTACTTGTACCAGCCGTCCGCCTCGCTGGCGCTCTACTCGTGCCCGGCGTACAGCACCAGCGTCATTTCGGGGCCCCGCACGGATGAGCTCGGCCGCTCTTCTTCGGGCTCCGCGTTCTCGCCCTACGCTGGCTCGACTGCCTTCACGGCGCCCTCGCCGGGCTACAACTCGCACCTCCA,var11,WildType,WildType,0.0
FLD0028,chr16_54931181,219400,150690,83682,66067,941,13039,39022,46.63,CCATGCCCGTGTGTGGCCATGTCCTATCCGCAGGGCTACTTGTACCAGCCGTCCGCCTCGCGTACAGCACCAGCGTCATTTCGGGGCCCCGCACGGATGAGCTCGGCCGCTCTTCTTCGGGCTCCGCGTTCTCGCCCTACGCTGGCTCGACTGCCTTCACGGCGCCCTCGCCGGGCTACAACTCGCACCTCCA,var6,Deletion,FrameShift,46.63
FLD0030,chr16_54931181,419336,281161,147412,133721,28,14739,97723,66.29,CCATGCCCGTGTGTGGCCATGTCCTATCCGCAGGGCTACTTGTACCAGCCGTCCGCCTCGCTTGGCGCTCTACTCGTGCCCGGCGTACAGCACCAGCGTCATTTCGGGGCCCCGCACGGATGAGCTCGGCCGCTCTTCTTCGGGCTCCGCGTTCTCGCCCTACGCTGGCTCGACTGCCTTCACGGCGCCCTCGCCGGGCTACAACTCGCACCTCCA,var3,Insertion,FrameShift,66.29
FLD0030,chr16_54931181,419336,281161,147412,133721,28,14739,8246,5.59,CCATGCCCGTGTGTGCACACTGATAAGCTCCCACTTACAAGTGTGAACATTTGACTTTCTGTTTTGGAGTTATTTCACTTAAGATAATGGCCTCCAGTTCCATCCATGTGGCTACAACTCGCACCTCCA,var23,Deletion_Mismatch_Insertion,ComplexFrameShift,4.472
FLD0031,chr16_54931181,393198,262126,135777,126339,10,21422,13421,9.88,CCATGCCCGTGTGTGGCCATGTCCTATCCGCAGGGCTACTTGTACCAGCCGTCCGCCTCGCTTGGCGCTCTACTCGTGCCCGGCGTACAGCACCAGCGTCATTTCGGGGCCCCGCACGGATGAGCTCGGCCGCTCTTCTTCGGGCTCCGCGTTCTCGCCCTACGCTGGCTCGACTGCCTTCACGGCGCCCTCGCCGGGCTACAACTCGCACCTCCA,var3,Insertion,FrameShift,9.88
FLD0031,chr16_54931181,393198,262126,135777,126339,10,21422,43030,31.69,CCATGCCCGTGTGTGGCCATGTCCTATCCGCAGGGCTACTTGTACCAGCCGTCCGCCTCGCGTACAGCACCAGCGTCATTTCGGGGCCCCGCACGGATGAGCTCGGCCGCTCTTCTTCGGGCTCCGCGTTCTCGCCCTACGCTGGCTCGACTGCCTTCACGGCGCCCTCGCCGGGCTACAACTCGCACCTCCA,var6,Deletion,FrameShift,31.69
FLD0031,chr16_54931181,393198,262126,135777,126339,10,21422,44530,32.8,CCATGCCCGTGTGTGGCCATGTCCTATCCGCAGGGCTACTTGTACCAGCCGTACAGCACCAGCGTCATTTCGGGGCCCCGCACGGATGAGCTCGGCCGCTCTTCTTCGGGCTCCGCGTTCTCGCCCTACGCTGGCTCGACTGCCTTCACGGCGCCCTCGCCGGGCTACAACTCGCACCTCCA,var24,Deletion,Deletion,0.0
FLD0033,chr16_54931181,308702,204875,101506,103354,15,12643,6276,6.18,CCATGCCCGTGTGTGGCCATGTCCTATCCGCAGGGCTACTTGTACCAGCCGTCCGCGCTCTACTCGTGCCCGGCGTACAGCACCAGCGTCATTTCGGGGCCCCGCACGGATGAGCTCGGCCGCTCTTCTTCGGGCTCCGCGTTCTCGCCCTACGCTGGCTCGACTGCCTTCACGGCGCCCTCGCCGGGCTACAACTCGCACCTCCA,var25,Deletion,Deletion,0.0
FLD0033,chr16_54931181,308702,204875,101506,103354,15,12643,67981,66.97,CCATGCCCGTGTGTGGCCATGTCCTATCCGCAGGGCTACTTGTACCAGCCGTCCGCCTCGCTTGGCGCTCTACTCGTGCCCGGCGTACAGCACCAGCGTCATTTCGGGGCCCCGCACGGATGAGCTCGGCCGCTCTTCTTCGGGCTCCGCGTTCTCGCCCTACGCTGGCTCGACTGCCTTCACGGCGCCCTCGCCGGGCTACAACTCGCACCTCCA,var3,Insertion,FrameShift,66.97
FLD0034,chr16_54931181,327274,222471,112949,109500,22,10253,83857,74.24,CCATGCCCGTGTGTGGCCATGTCCTATCCGCAGGGCTACTTGTACCAGCCGTCCGCCTCGCTTGGCGCTCTACTCGTGCCCGGCGTACAGCACCAGCGTCATTTCGGGGCCCCGCACGGATGAGCTCGGCCGCTCTTCTTCGGGCTCCGCGTTCTCGCCCTACGCTGGCTCGACTGCCTTCACGGCGCCCTCGCCGGGCTACAACTCGCACCTCCA,var3,Insertion,FrameShift,74.24
FLD0035,chr16_54931181,35210,29183,241,325,28617,158,83,34.44,CCATGCCCGTGTGTGGCCATGTCCTATCCGCAGGGCTACTTGTACCAGCCGTCCGCCTCGCGCCCGGCGTACAGCACCAGCGTCATTTCGGGGCCCCGCACGGATGAGCTCGGCCGCTCTTCTTCGGGCTCCGCGTTCTCGCCCTACGCTGGCTCGACTGCCTTCACGGCGCCCTCGCCGGGCTACAACTCGCACCTCCA,var26,Deletion,ComplexSubstitution,17.22
FLD0036,chr16_54931181,288578,221497,161938,59550,9,37498,77275,47.72,CCATGCCCGTGTGTGGGAAGCCCTGAGAGCAGGGTCCTTGTCCCAACAATTGGTGTCTGCCACAGTACTTTGCACATAACTGCATATAACAAAAACTGTTGCTGAACTGAATCCAGTAGCTTCCTTCCAACATTGTTCTATATCCTCTCAATTGAATGAAGCTCAAATACTACAGGTGTCTTGGGAAAATGGCTACAACTCGCACCTCCA,var27,Deletion_Mismatch_Insertion,ComplexFrameShift,38.176
FLD0036,chr16_54931181,288578,221497,161938,59550,9,37498,12421,7.67,CCATGCCCGTGTGTGGCCATGTCCTATCCGCAGGGCTACTTGTACCAGCCGTCCGCGCTCTACTCGTGCCCGGCGTACAGCACCAGCGTCATTTCGGGGCCCCGCACGGATGAGCTCGGCCGCTCTTCTTCGGGCTCCGCGTTCTCGCCCTACGCTGGCTCGACTGCCTTCACGGCGCCCTCGCCGGGCTACAACTCGCACCTCCA,var25,Deletion,Deletion,0.0
FLD0037,chr16_54931181,52096,43928,228,322,43378,152,76,33.33,CCATGCCCGTGTGTGGCCATGTCCTATCCGCAGGGCTACTTGTACCAGCCGTCCGCCTCGCTTGGCGCTCTACTCGTGCCCGGCGTACAGCACCAGCGTCATTTCGGGGCCCCGCACGGATGAGCTCGGCCGCTCTTCTTCGGGCTCCGCGTTCTCGCCCTACGCTGGCTCGACTGCCTTCACGGCGCCCTCGCCGGGCTACAACTCGCACCTCCA,var3,Insertion,FrameShift,33.33
FLD0038,chr16_54931181,278794,186641,81529,82538,22574,14589,6102,7.48,CCATGCCCGTGTGTGGCCATGTCCTATCCGCAGGGCTACTTGTACCAGCCGTCCGCCTCGCTCTACTCGTGCCCGGCGTACAGCACCAGCGTCATTTCGGGGCCCCGCACGGATGAGCTCGGCCGCTCTTCTTCGGGCTCCGCGTTCTCGCCCTACGCTGGCTCGACTGCCTTCACGGCGCCCTCGCCGGGCTACAACTCGCACCTCCA,var4,Deletion,Deletion,0.0
FLD0038,chr16_54931181,278794,186641,81529,82538,22574,14589,27771,34.06,CCATGCCCGTGTGTGGCCATGTCCTATCCGCAGGGCTACTTGTACCAGCCGTCCGCCTCGTGCCCGGCGTACAGCACCAGCGTCATTTCGGGGCCCCGCACGGATGAGCTCGGCCGCTCTTCTTCGGGCTCCGCGTTCTCGCCCTACGCTGGCTCGACTGCCTTCACGGCGCCCTCGCCGGGCTACAACTCGCACCTCCA,var12,Deletion,Deletion,0.0
FLD0038,chr16_54931181,278794,186641,81529,82538,22574,14589,26523,32.53,CCATGCCCGTGTGTGGCCATGTCCTATCCGCAGGGCTACTTGTACCAGTAGCCAGGGCTACTCGTGCCCGGCGTACAGCACCAGCGTCATTTCGGGGCCCCGCACGGATGAGCTCGGCCGCTCTTCTTCGGGCTCCGCGTTCTCGCCCTACGCTGGCTCGACTGCCTTCACGGCGCCCTCGCCGGGCTACAACTCGCACCTCCA,var28,Deletion_Insertion,ComplexFrameShift,26.024
FLD0039,chr16_54931181,368734,238135,114007,124089,39,22423,28009,24.57,CCATGCCCGTGTGTGGCCATGTCCTATCCGCAGGGCTACTTGTACCAGCCGTCCGCCTCGCTCTACTCGTGCCCGGCGTACAGCACCAGCGTCATTTCGGGGCCCCGCACGGATGAGCTCGGCCGCTCTTCTTCGGGCTCCGCGTTCTCGCCCTACGCTGGCTCGACTGCCTTCACGGCGCCCTCGCCGGGCTACAACTCGCACCTCCA,var4,Deletion,Deletion,0.0
FLD0039,chr16_54931181,368734,238135,114007,124089,39,22423,25585,22.44,CCATGCCCGTGTGTGGCCATGTCCTATCCGCAGGGCTACTTGTACCAGCCGTCCGCCTCGCTTGGCGCTCTACTCGTGCCCGGCGTACAGCACCAGCGTCATTTCGGGGCCCCGCACGGATGAGCTCGGCCGCTCTTCTTCGGGCTCCGCGTTCTCGCCCTACGCTGGCTCGACTGCCTTCACGGCGCCCTCGCCGGGCTACAACTCGCACCTCCA,var3,Insertion,FrameShift,22.44
FLD0039,chr16_54931181,368734,238135,114007,124089,39,22423,14851,13.03,CCATGCCCGTGTGTGGCCATGTCCTATCCGCAGGGCTACTTGTACCAGCCGTCCGCCTCGCTGTGGCGCTCTACTCGTGCCCGGCGTACAGCACCAGCGTCATTTCGGGGCCCCGCACGGATGAGCTCGGCCGCTCTTCTTCGGGCTCCGCGTTCTCGCCCTACGCTGGCTCGACTGCCTTCACGGCGCCCTCGCCGGGCTACAACTCGCACCTCCA,var29,Insertion,FrameShift,13.03
FLD0039,chr16_54931181,368734,238135,114007,124089,39,22423,11051,9.69,CCATGCCCGTGTGTGGCCATGTCCTATCCGCAGGGCTACTTGTACCAGCCGTCCGCCTCGCTGGCGCTCTACTCGTGCCCGGCGTACAGCACCAGCGTCATTTCGGGGCCCCGCACGGATGAGCTCGGCCGCTCTTCTTCGGGCTCCGCGTTCTCGCCCTACGCTGGCTCGACTGCCTTCACGGCGCCCTCGCCGGGCTACAACTCGCACCTCCA,var11,WildType,WildType,0.0
FLD0041,chr16_54931181,112296,88266,76284,11975,7,9434,49617,65.04,CCATGCCCGTGTGTGTGGATGGTTCTGCATGATTTGCAAGCACCCCCAATAAGAGAACAGCTACAACTCGCACCTCCA,var30,Deletion_Insertion,ComplexFrameShift,52.03200000000001
FLD0041,chr16_54931181,112296,88266,76284,11975,7,9434,4082,5.35,CCATGCCCGTGTGTGGCCATGTCCTATCCGCAGGGCTACTTGTACCAGCCGTCCGCCACGCTCTACTCGTGCCCGGCGTACAGCACCAGCGTCATTTCGGGGCCCCGCACGGATGAGCTCGGCCGCTCTTCTTCGGGCTCCGCGTTCTCGCCCTACGCTGGCTCGACTGCCTTCACGGCGCCCTCGCCGGGCTACAACTCGCACCTCCA,var10,Deletion,ComplexSubstitution,2.675
FLD0042,chr16_54931181,316974,215800,111100,104683,17,15381,18608,16.75,CCATGCCCGTGTGTGGCCATGTCCTATCCGCAGGGCTACTTGTACCAGCCGTCCGCCTCGCTTGGCGCTCTACTCGTGCCCGGCGTACAGCACCAGCGTCATTTCGGGGCCCCGCACGGATGAGCTCGGCCGCTCTTCTTCGGGCTCCGCGTTCTCGCCCTACGCTGGCTCGACTGCCTTCACGGCGCCCTCGCCGGGCTACAACTCGCACCTCCA,var3,Insertion,FrameShift,16.75
FLD0042,chr16_54931181,316974,215800,111100,104683,17,15381,60427,54.39,CCATGCCCGTGTGTGGCCATGTCCTATCCGCAGGGCTACTTGTACCAGCCGTCCGCCTCGTGCCCGGCGTACAGCACCAGCGTCATTTCGTGGCCCCGCACGGATGAGCTCGGCCGCTCTTCTTCGGGCTCCGCGTTCTCGCCCTACGCTGGCTCGACTGCCTTCACGGCGCCCTCGCCGGGCTACAACTCGCACCTCCA,var31,Deletion_Mismatch,Complex,27.195
FLD0043,chr16_54931181,228828,147586,70787,76790,9,10479,47390,66.95,CCATGCCCGTGTGTGGCCATGTCCTATCCGCAGGGCTACTTGTACCAGCCGTCCGCCTCGCGCCCGGCGTACAGCACCAGCGTCATTTCGGGGCCCCGCACGGATGAGCTCGGCCGCTCTTCTTCGGGCTCCGCGTTCTCGCCCTACGCTGGCTCGACTGCCTTCACGGCGCCCTCGCCGGGCTACAACTCGCACCTCCA,var26,Deletion,ComplexSubstitution,33.475
FLD0043,chr16_54931181,228828,147586,70787,76790,9,10479,6570,9.28,CCATGCCCGTGTGTGGCCATGTCCTATCCGCAGGGCTACTTGTACCAGCCGTCCGCCTCGCTCTACTCGTCCGTCGCGCTCTACTCGTGCCCGGCGTACAGCACCAGCGTCATTTCGGGGCCCCGCACGGATGAGCTCGGCCGCTCTTCTTCGGGCTCCGCGTTCTCGCCCTACGCTGGCTCGACTGCCTTCACGGCGCCCTCGCCGGGCTACAACTCGCACCTCCA,var32,Insertion,Insertion,0.0
FLD0044,chr16_54931181,250838,156046,71208,84825,13,12601,8267,11.61,CCATGCCCGTGTGTGGCCATGTCCTATCCGCAGGGCTACTTGTACCAGCCGTCCGCGCTCTACTCGTGCCCGGCGTACAGCACCAGCGTCATTTCGGGGCCCCGCACGGATGAGCTCGGCCGCTCTTCTTCGGGCTCCGCGTTCTCGCCCTACGCTGGCTCGACTGCCTTCACGGCGCCCTCGCCGGGCTACAACTCGCACCTCCA,var25,Deletion,Deletion,0.0
FLD0044,chr16_54931181,250838,156046,71208,84825,13,12601,21232,29.82,CCATGCCCGTGTGTGGCCATGTCCTATCCGCAGGGCTACTTGTACCAGCCGTCCGCCTCGCTCTACTCGTGCCCGGCGTACAGCACCAGCGTCATTTCGGGGCCCCGCACGGATGAGCTCGGCCGCTCTTCTTCGGGCTCCGCGTTCTCGCCCTACGCTGGCTCGACTGCCTTCACGGCGCCCTCGCCGGGCTACAACTCGCACCTCCA,var4,Deletion,Deletion,0.0
FLD0044,chr16_54931181,250838,156046,71208,84825,13,12601,5913,8.3,CCATGCCCGTGTGTGGCCATGTCCTATCCGCAGGGCTACTTGTACCAGCCGTCCGCCTCGCTTGGCGCTCTACTCGTGCCCGGCGTACAGCACCAGCGTCATTTCGGGGCCCCGCACGGATGAGCTCGGCCGCTCTTCTTCGGGCTCCGCGTTCTCGCCCTACGCTGGCTCGACTGCCTTCACGGCGCCCTCGCCGGGCTACAACTCGCACCTCCA,var3,Insertion,FrameShift,8.3
FLD0044,chr16_54931181,250838,156046,71208,84825,13,12601,20389,28.63,CCATGCCCGTGTGTGGCCATGTCCTATCCGCAGGGCTACTTGTACCAGCCGTCCGCCTCGCTCCTCGTGCCCGGCGTACAGCACCAGCGTCATTTCGGGGCCCCGCACGGATGAGCTCGGCCGCTCTTCTTCGGGCTCCGCGTTCTCGCCCTACGCTGGCTCGACTGCCTTCACGGCGCCCTCGCCGGGCTACAACTCGCACCTCCA,var33,Deletion,ComplexFrameShift,22.904
FLD0045,chr16_54931181,348106,240789,126902,110002,3885,11474,91434,72.05,CCATGCCCGTGTGTGGCCATGTCCTATCCGCAGGGCTACTTGTACCCGGCGTACAGCACCAGCGTCATTTCGGGGCCCCGCACGGATGAGCTCGGCCGCTCTTCTTCGGGCTCCGCGTTCTCGCCCTACGCTGGCTCGACTGCCTTCACGGCGCCCTCGCCGGGCTACAACTCGCACCTCCA,var34,Deletion,Deletion,0.0
FLD0045,chr16_54931181,348106,240789,126902,110002,3885,11474,8485,6.69,CCATGCCCGTGTGTGGCCATGTCCTATCCGCAGGGCTACTTGTACCAGCCGTCCGCCTCGCTTGGCGCTCTACTCGTGCCCGGCGTACAGCACCAGCGTCATTTCGGGGCCCCGCACGGATGAGCTCGGCCGCTCTTCTTCGGGCTCCGCGTTCTCGCCCTACGCTGGCTCGACTGCCTTCACGGCGCCCTCGCCGGGCTACAACTCGCACCTCCA,var3,Insertion,FrameShift,6.69
FLD0046,chr16_54931181,366226,240180,118951,121206,23,15896,56378,47.4,CCATGCCCGTGTGTGGCCATGTCCTATCCGCAGGGCTACTTGTACCAGCCGTCCGCCTCGCTCTACTCGTGCCCGGCGTACAGCACCAGCGTCATTTCGGGGCCCCGCACGGATGAGCTCGGCCGCTCTTCTTCGGGCTCCGCGTTCTCGCCCTACGCTGGCTCGACTGCCTTCACGGCGCCCTCGCCGGGCTACAACTCGCACCTCCA,var4,Deletion,Deletion,0.0
FLD0046,chr16_54931181,366226,240180,118951,121206,23,15896,35260,29.64,CCATGCCCGTGTGTGGCCATGTCCTATCCGCAGGGCTACTTGTACCAGCCGTCCGCCTCGCTTGGCGCTCTACTCGTGCCCGGCGTACAGCACCAGCGTCATTTCGGGGCCCCGCACGGATGAGCTCGGCCGCTCTTCTTCGGGCTCCGCGTTCTCGCCCTACGCTGGCTCGACTGCCTTCACGGCGCCCTCGCCGGGCTACAACTCGCACCTCCA,var3,Insertion,FrameShift,29.64
FLD0047,chr16_54931181,366506,232691,107365,125294,32,16696,48063,44.77,CCATGCCCGTGTGTGGCCATGTCCTATCCGCAGGGCTACTTGTACCAGCCGTCCGCCTCGCTTGGCGCTCTACTCGTGCCCGGCGTACAGCACCAGCGTCATTTCGGGGCCCCGCACGGATGAGCTCGGCCGCTCTTCTTCGGGCTCCGCGTTCTCGCCCTACGCTGGCTCGACTGCCTTCACGGCGCCCTCGCCGGGCTACAACTCGCACCTCCA,var3,Insertion,FrameShift,44.77
FLD0047,chr16_54931181,366506,232691,107365,125294,32,16696,31283,29.14,CCATGCCCGTGTGTGGCCATGTCCTATCCGCAGGGCTACTTGTACCAGCCGTCCGCCTCGCTGTGGCGCTCTACTCGTGCCCGGCGTACAGCACCAGCGTCATTTCGGGGCCCCGCACGGATGAGCTCGGCCGCTCTTCTTCGGGCTCCGCGTTCTCGCCCTACGCTGGCTCGACTGCCTTCACGGCGCCCTCGCCGGGCTACAACTCGCACCTCCA,var29,Insertion,FrameShift,29.14
FLD0048,chr16_54931181,373016,255204,160521,94661,22,30865,42448,26.44,CCATGCCCGTGTGTGGCCATGTCCTATCCGCAGGGCTACTTGTACCAGCCGTCCGCCTCGCTCTACTCGTGCCCGGCGTACAGCACCAGCGTCATTTCGGGGCCCCGCACGGATGAGCTCGGCCGCTCTTCTTCGGGCTCCGCGTTCTCGCCCTACGCTGGCTCGACTGCCTTCACGGCGCCCTCGCCGGGCTACAACTCGCACCTCCA,var4,Deletion,Deletion,0.0
FLD0048,chr16_54931181,373016,255204,160521,94661,22,30865,19184,11.95,CCATGCCCGTGTGTGCCCCTGGAGCACAGAGGAGGTTCTCAGTAGCTACAACTCGCACCTCCA,var2,Deletion_Insertion,ComplexFrameShift,9.56
FLD0048,chr16_54931181,373016,255204,160521,94661,22,30865,15213,9.48,CCATGCCCGTGTGTGGCCATGTCCTATCCGCAGGGCTACTTGTACCAGCTACTACTTGTACCAGCCGTCCGCCTCGCTCTACTCGTGCCCGGCGTACAGCACCAGCGTCATTTCGGGGCCCCGCACGGATGAGCTCGGCCGCTCTTCTTCGGGCTCCGCGTTCTCGCCCTACGCTGGCTCGACTGCCTTCACGGCGCCCTCGCCGGGCTACAACTCGCACCTCCA,var35,Deletion_Insertion,ComplexFrameShift,7.5840000000000005
FLD0048,chr16_54931181,373016,255204,160521,94661,22,30865,34742,21.64,CCATGCCCGTGTGTGGTTTTATTTGTCTTGCGAGTAATCCTGTATGTTTTCTAGAAGAAAAAGGTGTGGGGGGCAGAAGGAAAGAAGACTAATGTGCTTGTATTTAAATCATGTGTTCTTTTTCAGAATCAGATTCAAATAAAGGCATGCTGCTACAACTCGCACCTCCA,var36,Deletion_Mismatch_Insertion,ComplexFrameShift,17.312
FLD0049,chr16_54931181,319672,197832,92023,105789,20,15657,45940,49.92,CCATGCCCGTGTGTGGCCATGTCCTATCCGCAGGGCTACTTGTACCAGCCGTCCGCCTCGCTTTGCCCGGCGTACAGCACCAGCGTCATTTCGGGGCCCCGCACGGATGAGCTCGGCCGCTCTTCTTCGGGCTCCGCGTTCTCGCCCTACGCTGGCTCGACTGCCTTCACGGCGCCCTCGCCGGGCTACAACTCGCACCTCCA,var37,Deletion,FrameShift,49.92
FLD0049,chr16_54931181,319672,197832,92023,105789,20,15657,16147,17.55,CCATGCCCGTGTGTGGCCATGTCCTATCCGCAGGGCTACTTGTACCAGCCGTCCGCCTCGCTGTGGCGCTCTACTCGTGCCCGGCGTACAGCACCAGCGTCATTTCGGGGCCCCGCACGGATGAGCTCGGCCGCTCTTCTTCGGGCTCCGCGTTCTCGCCCTACGCTGGCTCGACTGCCTTCACGGCGCCCTCGCCGGGCTACAACTCGCACCTCCA,var29,Insertion,FrameShift,17.55
FLD0050,chr16_54931181,338016,215790,106756,109012,22,18492,12550,11.76,CCATGCCCGTGTGTGGCCATGTCCTATCCGCAGGGCTACTTGTACCAGCCGTCCGCCTCGCTTGGCGCTCTACTCGTGCCCGGCGTACAGCACCAGCGTCATTTCGGGGCCCCGCACGGATGAGCTCGGCCGCTCTTCTTCGGGCTCCGCGTTCTCGCCCTACGCTGGCTCGACTGCCTTCACGGCGCCCTCGCCGGGCTACAACTCGCACCTCCA,var3,Insertion,FrameShift,11.76
FLD0050,chr16_54931181,338016,215790,106756,109012,22,18492,8044,7.53,CCATGCCCGTGTGTGGCCATGTCCTATCCGCAGGGCTACTTGTACCAGCCGTCCGCCTCGCGTCTACTCGTGCCCGGCGTACAGCACCAGCGTCATTTCGGGGCCCCGCACGGATGAGCTCGGCCGCTCTTCTTCGGGCTCCGCGTTCTCGCCCTACGCTGGCTCGACTGCCTTCACGGCGCCCTCGCCGGGCTACAACTCGCACCTCCA,var38,Deletion,FrameShift,7.53
FLD0050,chr16_54931181,338016,215790,106756,109012,22,18492,20557,19.26,CCATGCCCGTGTGTGGCCATGTCCTATCCGCAGGGCTACTTGTACCAGCCGTCCCTACTCGTGCCCGGCGTACAGCACCAGCGTCATTTCGGGGCCCCGCACGGATGAGCTCGGCCGCTCTTCTTCGGGCTCCGCGTTCTCGCCCTACGCTGGCTCGACTGCCTTCACGGCGCCCTCGCCGGGCTACAACTCGCACCTCCA,var39,Deletion,FrameShift,19.26
FLD0050,chr16_54931181,338016,215790,106756,109012,22,18492,36978,34.64,CCATGCCCGTGTGTGGCCATGTCCTATCCGCAGGGCTACTTGTACCAGCCGTCCGCCTCGTACAGCACCAGCGTCATTTCGGGGCCCCGCACGGATGAGCTCGGCCGCTCTTCTTCGGGCTCCGCGTTCTCGCCCTACGCTGGCTCGACTGCCTTCACGGCGCCCTCGCCGGGCTACAACTCGCACCTCCA,var40,Deletion,Deletion,0.0
FLD0051,chr16_54931181,193334,129281,70277,58995,9,15149,43798,62.32,CCATGCCCGTGTGTGGCCATGTCCTATCCGCAGGGCTACTTGTACCAGCCGTCCGCCTCGCTTGGCGCTCTACTCGTGCCCGGCGTACAGCACCAGCGTCATTTCGGGGCCCCGCACGGATGAGCTCGGCCGCTCTTCTTCGGGCTCCGCGTTCTCGCCCTACGCTGGCTCGACTGCCTTCACGGCGCCCTCGCCGGGCTACAACTCGCACCTCCA,var3,Insertion,FrameShift,62.32
FLD0052,chr16_54931181,211766,142532,64084,65570,12878,10750,28441,44.38,CCATGCCCGTGTGTGGCCATGTCCTATCCGCAGGGCTACTTGTACCAGCCGTCCGCCTCGCTCTACTCGTGCCCGGCGTACAGCACCAGCGTCATTTCGGGGCCCCGCACGGATGAGCTCGGCCGCTCTTCTTCGGGCTCCGCGTTCTCGCCCTACGCTGGCTCGACTGCCTTCACGGCGCCCTCGCCGGGCTACAACTCGCACCTCCA,var4,Deletion,Deletion,0.0
FLD0052,chr16_54931181,211766,142532,64084,65570,12878,10750,20267,31.63,CCATGCCCGTGTGTGGCCATGTCCTATCCGCAGGGCTACTTGTACCAGCCGTCCGCCTCGCTTGGCGCTCTACTCGTGCCCGGCGTACAGCACCAGCGTCATTTCGGGGCCCCGCACGGATGAGCTCGGCCGCTCTTCTTCGGGCTCCGCGTTCTCGCCCTACGCTGGCTCGACTGCCTTCACGGCGCCCTCGCCGGGCTACAACTCGCACCTCCA,var3,Insertion,FrameShift,31.63
FLD0054,chr16_54931181,323722,200643,83684,116945,14,9337,64341,76.89,CCATGCCCGTGTGTGGCCATGTCCTATCCGCAGGGCTACTTGTACCAGCCGTCCGCCTCGCTGTGGCGCTCTACTCGTGCCCGGCGTACAGCACCAGCGTCATTTCGGGGCCCCGCACGGATGAGCTCGGCCGCTCTTCTTCGGGCTCCGCGTTCTCGCCCTACGCTGGCTCGACTGCCTTCACGGCGCCCTCGCCGGGCTACAACTCGCACCTCCA,var29,Insertion,FrameShift,76.89
FLD0056,chr16_54931181,324200,225357,158850,66486,21,29016,9655,6.08,CCATGCCCGTGTGTGGCCATGTCCTATCCGCAGGGCTACTTGTACCAGCCGTCCGCCTCGCTTGGCGCTCTACTCGTGCCCGGCGTACAGCACCAGCGTCATTTCGGGGCCCCGCACGGATGAGCTCGGCCGCTCTTCTTCGGGCTCCGCGTTCTCGCCCTACGCTGGCTCGACTGCCTTCACGGCGCCCTCGCCGGGCTACAACTCGCACCTCCA,var3,Insertion,FrameShift,6.08
FLD0056,chr16_54931181,324200,225357,158850,66486,21,29016,19386,12.2,CCATGCCCGTGTGTGTGATGCCCTTATGTCTGAATGTGAAGGGAGCAAGACGGGTACATCCAGAGCTACGAATAACCTTGAGTTTTGGAGACTGGGCACTGACAGCTACAACTCGCACCTCCA,var41,Deletion_Mismatch_Insertion,ComplexFrameShift,9.76
FLD0056,chr16_54931181,324200,225357,158850,66486,21,29016,46916,29.53,CCATGCCCGTGTGTGTGATGCCCTTATGTCTGAATGTGAAGGGAGCAAGGACGGGTACATCCAGAGCTACGAATAACCTTGAGTTTTGGAGACTGGGCACTGACAGCTACAACTCGCACCTCCA,var42,Deletion_Mismatch_Insertion,ComplexFrameShift,23.624000000000002
FLD0056,chr16_54931181,324200,225357,158850,66486,21,29016,37766,23.77,CCATGCCCGTGTGTGGCCATGTCCTATCCGCAGGGCTACTTGTACCAGCCGTCCGTGCCCGGCGTACAGCACCAGCGTCATTTCGGGGCCCCGCACGGATGAGCTCGGCCGCTCTTCTTCGGGCTCCGCGTTCTCGCCCTACGCTGGCTCGACTGCCTTCACGGCGCCCTCGCCGGGCTACAACTCGCACCTCCA,var43,Deletion,FrameShift,23.77
FLD0057,chr16_54931181,255652,156476,71090,85375,11,13309,39488,55.55,CCATGCCCGTGTGTGGCCATGTCCTATCCGCAGGGCTACTTGTACCAGCCGTCCGCCTCGCTTGGCGCTCTACTCGTGCCCGGCGTACAGCACCAGCGTCATTTCGGGGCCCCGCACGGATGAGCTCGGCCGCTCTTCTTCGGGCTCCGCGTTCTCGCCCTACGCTGGCTCGACTGCCTTCACGGCGCCCTCGCCGGGCTACAACTCGCACCTCCA,var3,Insertion,FrameShift,55.55
FLD0057,chr16_54931181,255652,156476,71090,85375,11,13309,9794,13.78,CCATGCCCGTGTGTGGCCATGTCCTATCCGCAGGGCTACTTGTACCAGCCGTCCGCCTCGCGTACTCTCTACTCTACTGTACGCCGGGCTCTACTCGTGCCCGGCGTACAGCACCAGCGTCATTTCGGGGCCCCGCACGGATGAGCTCGGCCGCTCTTCTTCGGGCTCCGCGTTCTCGCCCTACGCTGGCTCGACTGCCTTCACGGCGCCCTCGCCGGGCTACAACTCGCACCTCCA,var44,Insertion,ComplexFrameShift,11.024000000000001
FLD0058,chr16_54931181,423260,273574,135107,138060,407,24588,23490,17.39,CCATGCCCGTGTGTGGCCATGTCCTATCCGCAGGGCTACTTGTACCAGCCGTCCGCCTCTACTCGTGCCCGGCGTACAGCACCAGCGTCATTTCGGGGCCCCGCACGGATGAGCTCGGCCGCTCTTCTTCGGGCTCCGCGTTCTCGCCCTACGCTGGCTCGACTGCCTTCACGGCGCCCTCGCCGGGCTACAACTCGCACCTCCA,var1,Deletion,FrameShift,17.39
FLD0058,chr16_54931181,423260,273574,135107,138060,407,24588,13415,9.93,CCATGCCCGTGTGTGGCCATGTCCTATCCGCAGGGCTACTTGTACCAGCCGTCCGCCTCGCTGGTCTACTCGTGCCCGGCGTACAGCACCAGCGTCATTTCGGGGCCCCGCACGGATGAGCTCGGCCGCTCTTCTTCGGGCTCCGCGTTCTCGCCCTACGCTGGCTCGACTGCCTTCACGGCGCCCTCGCCGGGCTACAACTCGCACCTCCA,var45,Deletion,ComplexSubstitution,4.965
FLD0058,chr16_54931181,423260,273574,135107,138060,407,24588,29760,22.03,CCATGCCCGTGTGTGGCCATGTCCTATCCGCAGGGCTACTTGTACCAGCCGTCCGCCTCGTGCCCGGCGTACAGCACCAGCGTCATTTCGGGGCCCCGCACGGATGAGCTCGGCCGCTCTTCTTCGGGCTCCGCGTTCTCGCCCTACGCTGGCTCGACTGCCTTCACGGCGCCCTCGCCGGGCTACAACTCGCACCTCCA,var12,Deletion,Deletion,0.0
FLD0058,chr16_54931181,423260,273574,135107,138060,407,24588,32332,23.93,CCATGCCCGTGTGTGGCCATGTCCTATCCGCAGGGCTACTTGTACCAGCCGTCCGCCTCGCTCCCGGCGTACAGCACCAGCGTCATTTCGGGGCCCCGCACGGATGAGCTCGGCCGCTCTTCTTCGGGCTCCGCGTTCTCGCCCTACGCTGGCTCGACTGCCTTCACGGCGCCCTCGCCGGGCTACAACTCGCACCTCCA,var46,Deletion,Deletion,0.0
FLD0059,chr16_54931181,239848,146733,57300,89052,381,10118,27584,48.14,CCATGCCCGTGTGTGGCCATGTCCTATCCGCAGGGCTACTTGTACCAGCCGTCCGCCTCGCACCAGCGTCATTTCGCACGGCGTACAGCACCAGCGTCATTTCGGGGCCCCGCACGGATGAGCTCGGCCGCTCTTCTTCGGGCTCCGCGTTCTCGCCCTACGCTGGCTCGACTGCCTTCACGGCGCCCTCGCCGGGCTACAACTCGCACCTCCA,var47,Deletion_Insertion,ComplexFrameShift,38.512
FLD0059,chr16_54931181,239848,146733,57300,89052,381,10118,15948,27.83,CCATGCCCGTGTGTGGCCATGTCCTATCCGCAGGGCTACTTGTACCAGCCGTCCGCCTCGTGCTCTACTCGTGCTCTACTCGTGCCCGGCGTACAGCACCAGCGTCATTTCGGGGCCCCGCACGGATGAGCTCGGCCGCTCTTCTTCGGGCTCCGCGTTCTCGCCCTACGCTGGCTCGACTGCCTTCACGGCGCCCTCGCCGGGCTACAACTCGCACCTCCA,var48,Deletion_Insertion,ComplexFrameShift,22.264
FLD0060,chr16_54931181,313702,208473,104464,104001,8,9600,80867,77.41,CCATGCCCGTGTGTGGCCATGTCCTATCCGCAGGGCTACTTGTACCAGCCGTCCGCCTCGCTTGGCGCTCTACTCGTGCCCGGCGTACAGCACCAGCGTCATTTCGGGGCCCCGCACGGATGAGCTCGGCCGCTCTTCTTCGGGCTCCGCGTTCTCGCCCTACGCTGGCTCGACTGCCTTCACGGCGCCCTCGCCGGGCTACAACTCGCACCTCCA,var3,Insertion,FrameShift,77.41
FLD0061,chr16_54931181,319974,209884,104595,105271,18,14361,15014,14.35,CCATGCCCGTGTGTGGCCATGTCCTATCCGCAGGGCTACTTGTACCAGCCGCCCGGCGTACAGCACCAGCGTCATTTCGGGACCCCGCACGGATGAGCTCGGCCGCTCTTCTTCGGGCTCCGCGTTCTCGCCCTACGCTGGCTCGACTGCCTTCACGGCGCCCTCGCCGGGCTACAACTCGCACCTCCA,var49,Deletion_Mismatch,ComplexFrameShift,11.48
FLD0061,chr16_54931181,319974,209884,104595,105271,18,14361,14034,13.42,CCATGCCCGTGTGTGGCCATGTCCTATCCGCAGGGCTACTTGTACCAGCCGTCCGCCTCGCTTGGCGCTCTACTCGTGCCCGGCGTACAGCACCAGCGTCATTTCGGGGCCCCGCACGGATGAGCTCGGCCGCTCTTCTTCGGGCTCCGCGTTCTCGCCCTACGCTGGCTCGACTGCCTTCACGGCGCCCTCGCCGGGCTACAACTCGCACCTCCA,var3,Insertion,FrameShift,13.42
FLD0061,chr16_54931181,319974,209884,104595,105271,18,14361,48240,46.12,CCATGCCCGTGTGTGGCCATGTCCTATCCGCAGGGCTACTTGTACCAGCCGCCCGGCGTACAGCACCAGCGTCATTTCGGGGCCCCGCACGGATGAGCTCGGCCGCTCTTCTTCGGGCTCCGCGTTCTCGCCCTACGCTGGCTCGACTGCCTTCACGGCGCCCTCGCCGGGCTACAACTCGCACCTCCA,var50,Deletion,FrameShift,46.12
FLD0061,chr16_54931181,319974,209884,104595,105271,18,14361,7939,7.59,CCATGCCCGTGTGTGGCCATGTCCTATCCGCAGGGCTACTTGTACCAGCCGTCCGCCTCGCGTACTCGTGCCCGGCGTACAGCACCAGCGTCATTTCGGGGCCCCGCACGGATGAGCTCGGCCGCTCTTCTTCGGGCTCCGCGTTCTCGCCCTACGCTGGCTCGACTGCCTTCACGGCGCCCTCGCCGGGCTACAACTCGCACCTCCA,var51,Deletion,ComplexFrameShift,6.072
FLD0062,chr16_54931181,340998,222700,109360,113303,37,14892,49254,45.04,CCATGCCCGTGTGTGGCCATGTCCTATCCGCAGGGCTACTTGTACCAGCCGTCCGCCTCGCTCTACTCGTGCCCGGCGTACAGCACCAGCGTCATTTCGGGGCCCCGCACGGATGAGCTCGGCCGCTCTTCTTCGGGCTCCGCGTTCTCGCCCTACGCTGGCTCGACTGCCTTCACGGCGCCCTCGCCGGGCTACAACTCGCACCTCCA,var4,Deletion,Deletion,0.0
FLD0062,chr16_54931181,340998,222700,109360,113303,37,14892,31376,28.69,CCATGCCCGTGTGTGGCCATGTCCTATCCGCAGGGCTACTTGTACCAGCCGTCCGCCTCGCTTGGCGCTCTACTCGTGCCCGGCGTACAGCACCAGCGTCATTTCGGGGCCCCGCACGGATGAGCTCGGCCGCTCTTCTTCGGGCTCCGCGTTCTCGCCCTACGCTGGCTCGACTGCCTTCACGGCGCCCTCGCCGGGCTACAACTCGCACCTCCA,var3,Insertion,FrameShift,28.69
FLD0063,chr16_54931181,327588,220910,115345,105549,16,12020,9253,8.02,CCATGCCCGTGTGTGGCCATGTCCTATCCGCAGGGCTACTTGTACCAGCCGTCCGCCTCGCTTGGCGCTCTACTCGTGCCCGGCGTACAGCACCAGCGTCATTTCGGGGCCCCGCACGGATGAGCTCGGCCGCTCTTCTTCGGGCTCCGCGTTCTCGCCCTACGCTGGCTCGACTGCCTTCACGGCGCCCTCGCCGGGCTACAACTCGCACCTCCA,var3,Insertion,FrameShift,8.02
FLD0063,chr16_54931181,327588,220910,115345,105549,16,12020,79104,68.58,CCATGCCCGTGTGTGGCCATGTCCTATCCGCAGGGCTACTTGTACCAGCCCGGCGTACAGCACCAGCGTCATTTCGGGGCCCCGCACGGATGAGCTCGGCCGCTCTTCTTCGGGCTCCGCGTTCTCGCCCTACGCTGGCTCGACTGCCTTCACGGCGCCCTCGCCGGGCTACAACTCGCACCTCCA,var52,Deletion,FrameShift,68.58
FLD0064,chr16_54931181,260980,205401,165612,31388,8401,14220,78254,47.25,CCATGCCCGTGTGTGTTGGTGTATATGTTGTGTGTGTATTTGTATTTGGGCTACAACTCGCACCTCCA,var53,Deletion_Insertion,Complex,23.625
FLD0064,chr16_54931181,260980,205401,165612,31388,8401,14220,31544,19.05,CCATGCCCGTGTGTGCCACCACTCCGCCCATTATTCCTTCACAGCTACAACTCGCACCTCCA,var54,Deletion,ComplexFrameShift,15.240000000000002
FLD0064,chr16_54931181,260980,205401,165612,31388,8401,14220,13073,7.89,CCATGCCCGTGTGTGGCCATGTCCTATCCGCAGGGCTACTTGTACCAGCCGTCCGCCTCGCTTGGCGCTCTACTCGTGCCCGGCGTACAGCACCAGCGTCATTTCGGGGCCCCGCACGGATGAGCTCGGCCGCTCTTCTTCGGGCTCCGCGTTCTCGCCCTACGCTGGCTCGACTGCCTTCACGGCGCCCTCGCCGGGCTACAACTCGCACCTCCA,var3,Insertion,FrameShift,7.89
FLD0065,chr16_54931181,373548,249672,130126,119525,21,17564,18467,14.19,CCATGCCCGTGTGTGGCCATGTCCTATCCGCAGGGCTACTTGTACCAGCCGTCCGCCTCGCTTGGCGCTCTACTCGTGCCCGGCGTACAGCACCAGCGTCATTTCGGGGCCCCGCACGGATGAGCTCGGCCGCTCTTCTTCGGGCTCCGCGTTCTCGCCCTACGCTGGCTCGACTGCCTTCACGGCGCCCTCGCCGGGCTACAACTCGCACCTCCA,var3,Insertion,FrameShift,14.19
FLD0065,chr16_54931181,373548,249672,130126,119525,21,17564,67415,51.81,CCATGCCCGTGTGTGGCCATGTCCTATCCGCAGGGCTACTTGTACCAGCCGTCCGCCTCGCTCCCGGCGTACAGCACCAGCGTCATTTCGGGGCCCCGCACGGATGAGCTCGGCCGCTCTTCTTCGGGCTCCGCGTTCTCGCCCTACGCTGGCTCGACTGCCTTCACGGCGCCCTCGCCGGGCTACAACTCGCACCTCCA,var46,Deletion,Deletion,0.0
FLD0066,chr16_54931181,295398,192110,90415,101479,216,14148,46107,50.99,CCATGCCCGTGTGTGGCCATGTCCTATCCGCAGGGCTACTTGTACCAGCCGTCCGCCTCGCTCTACTCGTGCCCGGCGTACAGCACCAGCGTCATTTCGGGGCCCCGCACGGATGAGCTCGGCCGCTCTTCTTCGGGCTCCGCGTTCTCGCCCTACGCTGGCTCGACTGCCTTCACGGCGCCCTCGCCGGGCTACAACTCGCACCTCCA,var4,Deletion,Deletion,0.0
FLD0066,chr16_54931181,295398,192110,90415,101479,216,14148,22093,24.44,CCATGCCCGTGTGTGGCCATGTCCTATCCGCAGGGCTACTTGTACCAGCCGTCCGCCTCGCTGGCGCTCTACTCGTGCCCGGCGTACAGCACCAGCGTCATTTCGGGGCCCCGCACGGATGAGCTCGGCCGCTCTTCTTCGGGCTCCGCGTTCTCGCCCTACGCTGGCTCGACTGCCTTCACGGCGCCCTCGCCGGGCTACAACTCGCACCTCCA,var11,WildType,WildType,0.0
FLD0067,chr16_54931181,201898,137328,73635,63684,9,10161,52280,71.0,CCATGCCCGTGTGTGGCCATGTCCTATCCGCAGGGTGCCCGGCGTACAGCACCAGCGTCATTTCGGGGCCCCGCACGGATGAGCTCGGCCGCTCTTCTTCGGGCTCCGCGTTCTCGCCCTACGCTGGCTCGACTGCCTTCACGGCGCCCTCGCCGGGCTACAACTCGCACCTCCA,var55,Deletion,FrameShift,71.0
FLD0067,chr16_54931181,201898,137328,73635,63684,9,10161,5833,7.92,CCATGCCCGTGTGTGGCCATGTCCTATCCGCAGGGCTACTTGTACCAGCCGTCCGCCGGGCGCTCTACTCGTGCCCGGCGTACAGCACCAGCGTCATTTCGGGGCCCCGCACGGATGAGCTCGGCCGCTCTTCTTCGGGCTCCGCGTTCTCGCCCTACGCTGGCTCGACTGCCTTCACGGCGCCCTCGCCGGGCTACAACTCGCACCTCCA,var56,Deletion,FrameShift,7.92
FLD0068,chr16_54931181,294066,180782,79359,101358,65,8756,63418,79.91,CCATGCCCGTGTGTGGCCATGTCCTATCCGCAGGGCTACTTGTACCAGCCGTCCGCCTCGCTGGCGCTCTACTCGTGCCCGGCGTACAGCACCAGCGTCATTTCGGGGCCCCGCACGGATGAGCTCGGCCGCTCTTCTTCGGGCTCCGCGTTCTCGCCCTACGCTGGCTCGACTGCCTTCACGGCGCCCTCGCCGGGCTACAACTCGCACCTCCA,var11,WildType,WildType,0.0
FLD0069,chr16_54931181,206294,131969,61778,70158,33,7677,12291,19.9,CCATGCCCGTGTGTGGCCATGTCCTATCCGCAGGGCTACTTGTACCAGCCGTCCGCCTCGCTGGCGCTCTACTCGTGCCCGGCGTACAGCACCAGCGTCATTTCGGGGCCCCGCACGGATGAGCTCGGCCGCTCTTCTTCGGGCTCCGCGTTCTCGCCCTACGCTGGCTCGACTGCCTTCACGGCGCCCTCGCCGGGCTACAACTCGCACCTCCA,var11,WildType,WildType,0.0
FLD0069,chr16_54931181,206294,131969,61778,70158,33,7677,36887,59.71,CCATGCCCGTGTGTGGCCATGTCCTATCCGCAGGGCTACTTGTACCAGCCGTCCGCCTCGCTCTACTCGTGCCCGGCGTACAGCACCAGCGTCATTTCGGGGCCCCGCACGGATGAGCTCGGCCGCTCTTCTTCGGGCTCCGCGTTCTCGCCCTACGCTGGCTCGACTGCCTTCACGGCGCCCTCGCCGGGCTACAACTCGCACCTCCA,var4,Deletion,Deletion,0.0
FLD0070,chr16_54931181,268446,184774,94410,90354,10,9786,70326,74.49,CCATGCCCGTGTGTGGCCATGTCCTATCCGCAGGGCTACTTGTACCAGCCGTCCGCCTCGCTTGGCGCTCTACTCGTGCCCGGCGTACAGCACCAGCGTCATTTCGGGGCCCCGCACGGATGAGCTCGGCCGCTCTTCTTCGGGCTCCGCGTTCTCGCCCTACGCTGGCTCGACTGCCTTCACGGCGCCCTCGCCGGGCTACAACTCGCACCTCCA,var3,Insertion,FrameShift,74.49
FLD0071,chr16_54931181,353446,226522,115383,111126,13,12407,78632,68.15,CCATGCCCGTGTGTGGCCATGTCCTATCCGCAGGGCTACTTGTACCAGCCGTGCCCGGCGTACAGCACCAGCGTCATTTCGGGGCCCCGCACGGATGAGCTCGGCCGCTCTTCTTCGGGCTCCGCGTTCTCGCCCTACGCTGGCTCGACTGCCTTCACGGCGCCCTCGCCGGGCTACAACTCGCACCTCCA,var57,Deletion,Deletion,0.0
FLD0071,chr16_54931181,353446,226522,115383,111126,13,12407,10989,9.52,CCATGCCCGTGTGTGGCCATGTCCTATCCGCAGGGCTACTTGTACCAGCCGTCCGCCTCGCTGGCGCTCTACTCGTGCCCGGCGTACAGCACCAGCGTCATTTCGGGGCCCCGCACGGATGAGCTCGGCCGCTCTTCTTCGGGCTCCGCGTTCTCGCCCTACGCTGGCTCGACTGCCTTCACGGCGCCCTCGCCGGGCTACAACTCGCACCTCCA,var11,WildType,WildType,0.0
FLD0072,chr16_54931181,40062,33281,328,431,32522,144,74,22.56,CCATGCCCGTGTGTGGCCATGTCCTATCCGCAGGGCTACTTGTACCAGCCGTCCGCCTCGCTCTACTCGTGCCCGGCGTACAGCACCAGCGTCATTTCGGGGCCCCGCACGGATGAGCTCGGCCGCTCTTCTTCGGGCTCCGCGTTCTCGCCCTACGCTGGCTCGACTGCCTTCACGGCGCCCTCGCCGGGCTACAACTCGCACCTCCA,var4,Deletion,Deletion,0.0
FLD0072,chr16_54931181,40062,33281,328,431,32522,144,110,33.54,CCATGCCCGTGTGTGGCCATGTCCTATCCGCAGGGCTACTTGTACCAGCCGTCCGCCCCGGCGTACAGCACCAGCGTCATTTCGGGGCCCCGCACGGATGAGCTCGGCCGCTCTTCTTCGGGCTCCGCGTTCTCGCCCTACGCTGGCTCGACTGCCTTCACGGCGCCCTCGCCGGGCTACAACTCGCACCTCCA,var13,Deletion,Deletion,0.0
FLD0073,chr16_54931181,312878,205639,107471,98108,60,14713,60655,56.44,CCATGCCCGTGTGTGGCCATGTCCTATCCGCAGGGCAATGGCGTACAGCACCAGCGTCATTTCGGGGCCCCGCACGGATGAGCTCGGCCGCTCTTCTTCGGGCTCCGCGTTCTCGCCCTACGCTGGCTCGACTGCCTTCACGGCGCCCTCGCCGGGCTACAACTCGCACCTCCA,var58,Deletion,ComplexFrameShift,45.152
FLD0073,chr16_54931181,312878,205639,107471,98108,60,14713,18725,17.42,CCATGCCCGTGTGTGGCCATGTCCTATCCGCAGGGCTACTTGTACCAGCCGTCCGCCTCGCTGGCGCTCTACTCGTGCCCGGCGTACAGCACCAGCGTCATTTCGGGGCCCCGCACGGATGAGCTCGGCCGCTCTTCTTCGGGCTCCGCGTTCTCGCCCTACGCTGGCTCGACTGCCTTCACGGCGCCCTCGCCGGGCTACAACTCGCACCTCCA,var11,WildType,WildType,0.0
FLD0074,chr16_54931181,287406,196798,101235,95540,23,15674,34499,34.08,CCATGCCCGTGTGTGGCCATGTCCTATCCGCAGGGCTACTTGTACCAGCCGTCCGCCTCGTGCCCGGCGTACAGCACCAGCGTCATTTCGGGGCCCCGCACGGATGAGCTCGGCCGCTCTTCTTCGGGCTCCGCGTTCTCGCCCTACGCTGGCTCGACTGCCTTCACGGCGCCCTCGCCGGGCTACAACTCGCACCTCCA,var12,Deletion,Deletion,0.0
FLD0074,chr16_54931181,287406,196798,101235,95540,23,15674,41100,40.6,CCATGCCCGTGTGTGGCCATGTCCTATCCGCAGGGCTACTTGTACCAGCCGTCCGCCTCGCTCCCGGCGTACAGCACCAGCGTCATTTCGGGGCCCCGCACGGATGAGCTCGGCCGCTCTTCTTCGGGCTCCGCGTTCTCGCCCTACGCTGGCTCGACTGCCTTCACGGCGCCCTCGCCGGGCTACAACTCGCACCTCCA,var46,Deletion,Deletion,0.0
FLD0075,chr16_54931181,232556,157119,78377,78727,15,12860,36982,47.18,CCATGCCCGTGTGTGGCCATGTCCTATCCGCAGGGCTACTTGTACCAGCCGTCCGCCTCGCTCTACTCGTGCCCGGCGTACAGCACCAGCGTCATTTCGGGGCCCCGCACGGATGAGCTCGGCCGCTCTTCTTCGGGCTCCGCGTTCTCGCCCTACGCTGGCTCGACTGCCTTCACGGCGCCCTCGCCGGGCTACAACTCGCACCTCCA,var4,Deletion,Deletion,0.0
FLD0075,chr16_54931181,232556,157119,78377,78727,15,12860,22501,28.71,CCATGCCCGTGTGTGGCCATGTCCTATCCGCAGGGCTACTTGTACCAGCCGTCCGCCTCGCTTGGCGCTCTACTCGTGCCCGGCGTACAGCACCAGCGTCATTTCGGGGCCCCGCACGGATGAGCTCGGCCGCTCTTCTTCGGGCTCCGCGTTCTCGCCCTACGCTGGCTCGACTGCCTTCACGGCGCCCTCGCCGGGCTACAACTCGCACCTCCA,var3,Insertion,FrameShift,28.71
FLD0076,chr16_54931181,256568,172146,93601,77470,1075,11268,63181,67.5,CCATGCCCGTGTGTGGCCATGTCCTATCCGCAGGGCTACTTGTACCAGCCGTCCGCCTCGCTCTACTCGTGCCCGGCGTACAGCACCAGCGTCATTTCGGGGCCCCGCACGGATGAGCTCGGCCGCTCTTCTTCGGGCTCCGCGTTCTCGCCCTACGCTGGCTCGACTGCCTTCACGGCGCCCTCGCCGGGCTACAACTCGCACCTCCA,var4,Deletion,Deletion,0.0
FLD0076,chr16_54931181,256568,172146,93601,77470,1075,11268,6473,6.92,CCATGCCCGTGTGTGTGTGTGTGTGTGTGTGTGATTAGTATACAAGCTACAACTCGCACCTCCA,var59,Deletion,ComplexFrameShift,5.5360000000000005
FLD0077,chr16_54931181,53624,44580,457,512,43611,215,173,37.86,CCATGCCCGTGTGTGGCCATGTCCTATCCGCAGGGCTACTTGTACCAGCCGTCCGCCTCGCTTGGCGCTCTACTCGTGCCCGGCGTACAGCACCAGCGTCATTTCGGGGCCCCGCACGGATGAGCTCGGCCGCTCTTCTTCGGGCTCCGCGTTCTCGCCCTACGCTGGCTCGACTGCCTTCACGGCGCCCTCGCCGGGCTACAACTCGCACCTCCA,var3,Insertion,FrameShift,37.86
FLD0077,chr16_54931181,53624,44580,457,512,43611,215,69,15.1,CCATGCCCGTGTGTGCCAATTATGGGACTTACCCACCCAGATTTAGACATAGGTCAGTGGAACTGACCCTAAGAAGAGGCAGCAATATAGGTAAGAATGAAAGCTAAGGCACATCTAACAGCCATCCATGGGTGGGGAGGGCTACAACTCGCACCTCCA,var16,Deletion_Mismatch_Insertion,ComplexFrameShift,12.08
FLD0078,chr16_54931181,330482,217303,108289,108928,86,14801,35599,32.87,CCATGCCCGTGTGTGGCCATGTCCTATCCGCAGGGCTACTTGTACCAGCCGTCCGCCTCGCTTGGCGCTCTACTCGTGCCCGGCGTACAGCACCAGCGTCATTTCGGGGCCCCGCACGGATGAGCTCGGCCGCTCTTCTTCGGGCTCCGCGTTCTCGCCCTACGCTGGCTCGACTGCCTTCACGGCGCCCTCGCCGGGCTACAACTCGCACCTCCA,var3,Insertion,FrameShift,32.87
FLD0078,chr16_54931181,330482,217303,108289,108928,86,14801,51039,47.13,CCATGCCCGTGTGTGGCCATGTCCTATCCGCAGGGCTACTTGTACCAGCCGCTCTACTCGTGCCCGGCGTACAGCACCAGCGTCATTTCGGGGCCCCGCACGGATGAGCTCGGCCGCTCTTCTTCGGGCTCCGCGTTCTCGCCCTACGCTGGCTCGACTGCCTTCACGGCGCCCTCGCCGGGCTACAACTCGCACCTCCA,var60,Deletion,Deletion,0.0
FLD0079,chr16_54931181,308740,199197,94698,104317,182,15736,35246,37.22,CCATGCCCGTGTGTGGCCATGTCCTATCCGCAGGGCTACTTGTACCAGCCGTCCGCCTCGCTCTACTCGTGCCCGGCGTACAGCACCAGCGTCATTTCGGGGCCCCGCACGGATGAGCTCGGCCGCTCTTCTTCGGGCTCCGCGTTCTCGCCCTACGCTGGCTCGACTGCCTTCACGGCGCCCTCGCCGGGCTACAACTCGCACCTCCA,var4,Deletion,Deletion,0.0
FLD0079,chr16_54931181,308740,199197,94698,104317,182,15736,20844,22.01,CCATGCCCGTGTGTGGCCATGTCCTATCCGCAGGGCTACTTGTACCAGCCGTGCCCGGCGTACAGCACCAGCGTCATTTCGGGGCCCCGCACGGATGAGCTCGGCCGCTCTTCTTCGGGCTCCGCGTTCTCGCCCTACGCTGGCTCGACTGCCTTCACGGCGCCCTCGCCGGGCTACAACTCGCACCTCCA,var57,Deletion,Deletion,0.0
FLD0079,chr16_54931181,308740,199197,94698,104317,182,15736,17491,18.47,CCATGCCCGTGTGTGGCCATGTCCTATCCGCAGGGCTACTTGTACCAGCCGTCCGCCTCGCTGGCGCTCTACTCGTGCCCGGCGTACAGCACCAGCGTCATTTCGGGGCCCCGCACGGATGAGCTCGGCCGCTCTTCTTCGGGCTCCGCGTTCTCGCCCTACGCTGGCTCGACTGCCTTCACGGCGCCCTCGCCGGGCTACAACTCGCACCTCCA,var11,WildType,WildType,0.0
FLD0081,chr16_54931181,252886,171697,87741,83900,56,14684,4643,5.29,CCATGCCCGTGTGTGGCCATGTCCTATCCGCAGGGCTACTTGTACCAGCCGTCCGCCTCGCTCTACTCGTGCCCGGCGTACAGCACCAGCGTCATTTCGGGGCCCCGCACGGATGAGCTCGGCCGCTCTTCTTCGGGCTCCGCGTTCTCGCCCTACGCTGGCTCGACTGCCTTCACGGCGCCCTCGCCGGGCTACAACTCGCACCTCCA,var4,Deletion,Deletion,0.0
FLD0081,chr16_54931181,252886,171697,87741,83900,56,14684,15598,17.78,CCATGCCCGTGTGTGGCCATGTCCTATCCGCAGGGCTACTTGTACCAGCCGTCCGCCTCGCGTACAGCACCAGCGTCATTTCGGGGCCCCGCACGGATGAGCTCGGCCGCTCTTCTTCGGGCTCCGCGTTCTCGCCCTACGCTGGCTCGACTGCCTTCACGGCGCCCTCGCCGGGCTACAACTCGCACCTCCA,var6,Deletion,FrameShift,17.78
FLD0081,chr16_54931181,252886,171697,87741,83900,56,14684,46342,52.82,CCATGCCCGTGTGTGGCCATGTCCTATCCGCAGGGCTACTTGTACCAGCCGTCCGCCTCGCACCAGCGTCATTTCGGGGCCCCGCACGGATGAGCTCGGCCGCTCTTCTTCGGGCTCCGCGTTCTCGCCCTACGCTGGCTCGACTGCCTTCACGGCGCCCTCGCCGGGCTACAACTCGCACCTCCA,var61,Deletion,FrameShift,52.82
FLD0082,chr16_54931181,42606,35490,490,609,34391,336,154,31.43,CCATGCCCGTGTGTGGCCATGTCCTATCCGCAGGGCTACTTGTACCAGCCGTCCGCCTCGCTCGTGCCCGGCGTACAGCACCAGCGTCATTTCGGGGCCCCGCACGGATGAGCTCGGCCGCTCTTCTTCGGGCTCCGCGTTCTCGCCCTACGCTGGCTCGACTGCCTTCACGGCGCCCTCGCCGGGCTACAACTCGCACCTCCA,var18,Deletion,FrameShift,31.43
FLD0083,chr16_54931181,235890,162314,81922,80344,48,14270,4683,5.72,CCATGCCCGTGTGTGGCCATGTCCTATCCGCAGGGCTACTTGTACCAGCCGTCCGCCTCGCTCTACTCGTGCCCGGCGTACAGCACCAGCGTCATTTCGGGGCCCCGCACGGATGAGCTCGGCCGCTCTTCTTCGGGCTCCGCGTTCTCGCCCTACGCTGGCTCGACTGCCTTCACGGCGCCCTCGCCGGGCTACAACTCGCACCTCCA,var4,Deletion,Deletion,0.0
FLD0083,chr16_54931181,235890,162314,81922,80344,48,14270,39183,47.83,CCATGCCCGTGTGTGGCCATGTCCTATCCGCAGGGCTACTTGTACCAGCCGTCCGCCTCGTGCCCGGCGTACAGCACCAGCGTCATTTCGGGGCCCCGCACGGATGAGCTCGGCCGCTCTTCTTCGGGCTCCGCGTTCTCGCCCTACGCTGGCTCGACTGCCTTCACGGCGCCCTCGCCGGGCTACAACTCGCACCTCCA,var12,Deletion,Deletion,0.0
FLD0083,chr16_54931181,235890,162314,81922,80344,48,14270,6122,7.47,CCATGCCCGTGTGTGGCCATGTCCTATCCGCAGGGCTACTTGTACCAGGGCGCTCTACTCGTGCCCGGCGTACAGCACCAGCGTCATTTCGGGGCCCCGCACGGATGAGCTCGGCCGCTCTTCTTCGGGCTCCGCGTTCTCGCCCTACGCTGGCTCGACTGCCTTCACGGCGCCCTCGCCGGGCTACAACTCGCACCTCCA,var62,Deletion,FrameShift,7.47
FLD0083,chr16_54931181,235890,162314,81922,80344,48,14270,9673,11.81,CCATGCCCGTGTGTGGCCATGTCCTATCCGCAGGGCTACTTGTACCAGCCGTCCGCCTCGCTGGCGCTCTACTCGTGCCCGGCGTACAGCACCAGCGTCATTTCGGGGCCCCGCACGGATGAGCTCGGCCGCTCTTCTTCGGGCTCCGCGTTCTCGCCCTACGCTGGCTCGACTGCCTTCACGGCGCCCTCGCCGGGCTACAACTCGCACCTCCA,var11,WildType,WildType,0.0
FLD0084,chr16_54931181,297206,198547,99835,98638,74,10349,72184,72.3,CCATGCCCGTGTGTGGCCATGTCCTATCCGCAGGGCTACTTGTACCAGCCGTCCGCCTCGCTTGGCGCTCTACTCGTGCCCGGCGTACAGCACCAGCGTCATTTCGGGGCCCCGCACGGATGAGCTCGGCCGCTCTTCTTCGGGCTCCGCGTTCTCGCCCTACGCTGGCTCGACTGCCTTCACGGCGCCCTCGCCGGGCTACAACTCGCACCTCCA,var3,Insertion,FrameShift,72.3
FLD0086,chr16_54931181,319612,221406,124716,96509,181,20717,11583,9.29,CCATGCCCGTGTGTGGCCATGTCCTATCCGCAGGGCTACTTGTACCAGCCGTCCGCCTCGCTCTACTCGTGCCCGGCGTACAGCACCAGCGTCATTTCGGGGCCCCGCACGGATGAGCTCGGCCGCTCTTCTTCGGGCTCCGCGTTCTCGCCCTACGCTGGCTCGACTGCCTTCACGGCGCCCTCGCCGGGCTACAACTCGCACCTCCA,var4,Deletion,Deletion,0.0
FLD0086,chr16_54931181,319612,221406,124716,96509,181,20717,35964,28.84,CCATGCCCGTGTGTGGCCATGTCCTATCCGCAGGGCTACTTGTACCCGGCGTACAGCACCAGCGTCATTTCGGGGCCCCGCACGGATGAGCTCGGCCGCTCTTCTTCGGGCTCCGCGTTCTCGCCCTACGCTGGCTCGACTGCCTTCACGGCGCCCTCGCCGGGCTACAACTCGCACCTCCA,var34,Deletion,Deletion,0.0
FLD0086,chr16_54931181,319612,221406,124716,96509,181,20717,8571,6.87,CCATGCCCGTGTGTGTAAGTATATTTAACATGCATGGTTACATGTCTGTTTATAAATAGACAGCTACAACTCGCACCTCCA,var63,Deletion_Mismatch_Insertion,ComplexFrameShift,5.496
FLD0086,chr16_54931181,319612,221406,124716,96509,181,20717,28132,22.56,CCATGCCCGTGTGTGGCCATGTCCTATCCGCAGGGCTACTTGTACCAGCCGTCCGCCTCCCGGCGTACAGCACCAGCGTCATTTCGGGGCCCCGCACGGATGAGCTCGGCCGCTCTTCTTCGGGCTCCGCGTTCTCGCCCTACGCTGGCTCGACTGCCTTCACGGCGCCCTCGCCGGGCTACAACTCGCACCTCCA,var64,Deletion,FrameShift,22.56
FLD0086,chr16_54931181,319612,221406,124716,96509,181,20717,9056,7.26,CCATGCCCGTGTGTGCCACCACTCCGCCCATTATTCCTTCACAGCTACAACTCGCACCTCCA,var54,Deletion,ComplexFrameShift,5.808
FLD0087,chr16_54931181,45190,37910,515,498,36897,293,160,31.07,CCATGCCCGTGTGTGGCCATGTCCTATCCGCAGGGCTACTTGTACCAGCCGTCCGCCTCGCGTACAGCACCAGCGTCATTTCGGGGCCCCGCACGGATGAGCTCGGCCGCTCTTCTTCGGGCTCCGCGTTCTCGCCCTACGCTGGCTCGACTGCCTTCACGGCGCCCTCGCCGGGCTACAACTCGCACCTCCA,var6,Deletion,FrameShift,31.07
FLD0087,chr16_54931181,45190,37910,515,498,36897,293,62,12.04,CCATGCCCGTGTGTGCCCCTGGAGCACAGAGGAGGTTCTCAGTAGCTACAACTCGCACCTCCA,var2,Deletion_Insertion,ComplexFrameShift,9.632
FLD0088,chr16_54931181,168128,117741,46144,39295,32302,12477,4012,8.69,CCATGCCCGTGTGTGGCCATGTCCTATCCGCAGGGCTACTTGTACCAGCCGTCCGCCTCGCTTGGCGCTCTACTCGTGCCCGGCGTACAGCACCAGCGTCATTTCGGGGCCCCGCACGGATGAGCTCGGCCGCTCTTCTTCGGGCTCCGCGTTCTCGCCCTACGCTGGCTCGACTGCCTTCACGGCGCCCTCGCCGGGCTACAACTCGCACCTCCA,var3,Insertion,FrameShift,8.69
FLD0088,chr16_54931181,168128,117741,46144,39295,32302,12477,17245,37.37,CCATGCCCGTGTGTGGCCATGTCCTATCCGCAGGGCTACTTGTACCAGCCGTCCGCCTCGCTGGCGCTCTACTCGTGCCCGGCGTACAGCACCAGCGTCATTTCGGGGCCCCGCACGGATGAGCTCGGCCGCTCTTCTTCGGGCTCCGCGTTCTCGCCCTACGCTGGCTCGACTGCCTTCACGGCGCCCTCGCCGGGCTACAACTCGCACCTCCA,var11,WildType,WildType,0.0
FLD0088,chr16_54931181,168128,117741,46144,39295,32302,12477,7976,17.29,CCATGCCCGTGTGTGGTTTTATTTGTCTTGCGAGTAATCCTGTATGTTTTCTAGAAGAAAAAGGTGTGGGGGGCAGAAGGAAAGAAGACTAATGTGCTTGTATTTAAATCATGTGTTCTTTTTCAGAATCAGATTCAAATAAAGGCATGCTGCTACAACTCGCACCTCCA,var36,Deletion_Mismatch_Insertion,ComplexFrameShift,13.832
FLD0089,chr16_54931181,237298,157162,74333,78864,3965,13641,35400,47.62,CCATGCCCGTGTGTGGCCATGTCCTATCCGCAGGGCTACTTGTACCAGCCGTCCGCCTCGCTCGTGCCCGGCGTACAGCACCAGCGTCATTTCGGGGCCCCGCACGGATGAGCTCGGCCGCTCTTCTTCGGGCTCCGCGTTCTCGCCCTACGCTGGCTCGACTGCCTTCACGGCGCCCTCGCCGGGCTACAACTCGCACCTCCA,var18,Deletion,FrameShift,47.62
FLD0089,chr16_54931181,237298,157162,74333,78864,3965,13641,18989,25.55,CCATGCCCGTGTGTGGCCATGTCCTATCCGCAGGGCTACTTGTACCAGCCGTCCGCCTCGCTTGGCGCTCTACTCGTGCCCGGCGTACAGCACCAGCGTCATTTCGGGGCCCCGCACGGATGAGCTCGGCCGCTCTTCTTCGGGCTCCGCGTTCTCGCCCTACGCTGGCTCGACTGCCTTCACGGCGCCCTCGCCGGGCTACAACTCGCACCTCCA,var3,Insertion,FrameShift,25.55
FLD0090,chr16_54931181,150488,122899,119690,3197,12,7243,97135,81.16,CCATGCCCGTGTGTGATCGTGCGTCAGAGTCGGGGCTCAGACCAGTCCTGGCCAGGGCAGGCTACAACTCGCACCTCCA,var65,Deletion_Insertion,ComplexFrameShift,64.928
FLD0091,chr16_54931181,343164,231454,127235,103978,241,22116,10147,7.98,CCATGCCCGTGTGTGGATTTTTAATTTTTTGTATTATAAATGCTACAACTCGCACCTCCA,var66,Deletion,ComplexFrameShift,6.384
FLD0091,chr16_54931181,343164,231454,127235,103978,241,22116,30236,23.76,CCATGCCCGTGTGTGGCCATGTCCTATCCGCAGGGCTACTTGTACCAGCCGTCCGCCTCGCTCGTGCCCGGCGTACAGCACCAGCGTCATTTCGGGGCCCCGCACGGATGAGCTCGGCCGCTCTTCTTCGGGCTCCGCGTTCTCGCCCTACGCTGGCTCGACTGCCTTCACGGCGCCCTCGCCGGGCTACAACTCGCACCTCCA,var18,Deletion,FrameShift,23.76
FLD0091,chr16_54931181,343164,231454,127235,103978,241,22116,7915,6.22,CCATGCCCGTGTGTGGTGTGCACCTGTTGTCCCAGCTACAACTCGCACCTCCA,var67,Deletion,ComplexFrameShift,4.976
FLD0091,chr16_54931181,343164,231454,127235,103978,241,22116,39057,30.7,CCATGCCCGTGTGTGGCCATGTCCTATCCGCAGGGCTACTTGTACCAGCCGTCCGCTCTACTCGTGCCCGGCGTACAGCACCAGCGTCATTTCGGGGCCCCGCACGGATGAGCTCGGCCGCTCTTCTTCGGGCTCCGCGTTCTCGCCCTACGCTGGCTCGACTGCCTTCACGGCGCCCTCGCCGGGCTACAACTCGCACCTCCA,var68,Deletion,FrameShift,30.7
FLD0092,chr16_54931181,352788,262150,180272,81858,20,15795,133499,74.05,CCATGCCCGTGTGTGGCCATGTCCTATCCGCAGGGCTACTTGTACCAGCCGGATGAGCTCGGCCGCTCTTCTTCGGGCTCCGCGTTCTCGCCCTACGCTGGCTCGACTGCCTTCACGGCGCCCTCGCCGGGCTACAACTCGCACCTCCA,var69,Deletion,Deletion,0.0
FLD0093,chr16_54931181,329142,219026,107064,110439,1523,15392,65297,60.99,CCATGCCCGTGTGTGGCCATGTCCTATCCGCAGGGCTACTTGTACCAGCCGTCCGCCTCGCTCTACTCGTGCCCGGCGTACAGCACCAGCGTCATTTCGGGGCCCCGCACGGATGAGCTCGGCCGCTCTTCTTCGGGCTCCGCGTTCTCGCCCTACGCTGGCTCGACTGCCTTCACGGCGCCCTCGCCGGGCTACAACTCGCACCTCCA,var4,Deletion,Deletion,0.0
FLD0093,chr16_54931181,329142,219026,107064,110439,1523,15392,6789,6.34,CCATGCCCGTGTGTGGCCATGTCCTATCCGCAGGGCTACTTGTACCAGCCGTCCGCCTCGCACCAGCGTCATTTCGTCGTACAGCACCAGCACAGTACAGCGTCGTACAGCACCAGCGTCATTTCGGGGCCCCGCACGGATGAGCTCGGCCGCTCTTCTTCGGGCTCCGCGTTCTCGCCCTACGCTGGCTCGACTGCCTTCACGGCGCCCTCGCCGGGCTACAACTCGCACCTCCA,var70,Deletion_Insertion,ComplexFrameShift,5.072
FLD0094,chr16_54931181,49090,41629,385,375,40869,256,129,33.51,CCATGCCCGTGTGTGGCCATGTCCTATCCGCAGGGCTACTTGTACCAGCCGTCCGCCTCGCTTGGCGCTCTACTCGTGCCCGGCGTACAGCACCAGCGTCATTTCGGGGCCCCGCACGGATGAGCTCGGCCGCTCTTCTTCGGGCTCCGCGTTCTCGCCCTACGCTGGCTCGACTGCCTTCACGGCGCCCTCGCCGGGCTACAACTCGCACCTCCA,var3,Insertion,FrameShift,33.51
FLD0095,chr16_54931181,267464,193824,143406,50379,39,33269,17940,12.51,CCATGCCCGTGTGTGGCCATGTCCTATCCGCAGGGCTACTTGTACCAGCCGTCCGCCTCGCTTGGCGCTCTACTCGTGCCCGGCGTACAGCACCAGCGTCATTTCGGGGCCCCGCACGGATGAGCTCGGCCGCTCTTCTTCGGGCTCCGCGTTCTCGCCCTACGCTGGCTCGACTGCCTTCACGGCGCCCTCGCCGGGCTACAACTCGCACCTCCA,var3,Insertion,FrameShift,12.51
FLD0095,chr16_54931181,267464,193824,143406,50379,39,33269,30786,21.47,CCATGCCCGTGTGTGTGTGTGTGTAAGAGGGGGAGTCTCAATGTGTTGTCCAGGTTGCACTTGAACTTTTAGTGTCAAGTGATCCTCCTGCCTCAGCCTCCCAACTACCTGGGGCTACAACTCGCACCTCCA,var71,Deletion_Mismatch_Insertion,ComplexFrameShift,17.176
FLD0095,chr16_54931181,267464,193824,143406,50379,39,33269,15619,10.89,CCATGCCCGTGTGTGGCCATGTCCTATCCGCAGGGCTACTTGTACCAGCCGTCCGCCGCGCTCTACTCGTGCCCGGCGTACAGCACCAGCGTCATTTCGGGGCCCCGCACGGATGAGCTCGGCCGCTCTTCTTCGGGCTCCGCGTTCTCGCCCTACGCTGGCTCGACTGCCTTCACGGCGCCCTCGCCGGGCTACAACTCGCACCTCCA,var9,Deletion,Deletion,0.0
FLD0095,chr16_54931181,267464,193824,143406,50379,39,33269,13926,9.71,CCATGCCCGTGTGTGTGTGTGTAAGAGGGGGAGTCTCAATGTGTTGTCCAGGTTGCACTTGAACTTTTAGTGTCAAGTGATCCTCCTGCCTCAGCCTCCCAACTACCTGGGGCTACAACTCGCACCTCCA,var72,Deletion_Mismatch_Insertion,ComplexFrameShift,7.768000000000001
FLD0095,chr16_54931181,267464,193824,143406,50379,39,33269,11324,7.9,CCATGCCCGTGTGTGCTGGGTCAGTGGGGCTACAACTCGCACCTCCA,var73,Deletion,ComplexFrameShift,6.32
FLD0096,chr16_54931181,181198,150626,143333,7080,213,14146,103054,71.9,CCATGCCCGTGTGTGGCAAAGTTAGAAGATTCAGGGAAGTATAGGAACAGATTTAGTGAAAGCTACAACTCGCACCTCCA,var74,Mismatch_Deletion_Insertion,ComplexFrameShift,57.52000000000001
