plate_id,well,sample_id,amplicon_id,total_reads,amplicon_reads,amplicon_filtered_reads,amplicon_low_quality_reads,amplicon_primer_dimer_reads,amplicon_low_abundance_reads,variant_reads,variant_frequency,sequence,variant_id,variant_type,variant_consequence,variant_score
GEP00001_01,B4,FLD0193,chr17_42345522,205698,12663,12230,433,0,1153,6462,52.84,CACAGTTCAGTCCACATCTCCATGGTCTGCTGCTGATTTTTATTCTCTTTCTCTCCTACTTATAGAGCAGGTATCTTGAGAAGCCAATGGAGATTGCCCGGATTGTGGCCCGGTGCCTGTGAGGAAGAATCACGCCTTCTACAGACTGCAGCCACTGCGGCCCAGGTGAGACCTGAGACAAAACAAATCCCTGGTCTGGGAG,var1,Insertion,FrameShiftTruncation,52.84
GEP00001_01,B4,FLD0193,chr17_42345522,205698,12663,12230,433,0,1153,4617,37.75,CACAGTTCAGTCCACATCTCCATGGTCTGCTGCTGATTTTTATTCTCTTTCTCTCCTACTTATAGAGCAGGTATCTTGAGAAGCCAATGGAGATTGCCCGGATTGTGGCCCGGTGCCTGTGGGGGAAGAATCACGCCTTCTACAGACTGCAGCCACTGCGGCCCAGGTGAGACCTGAGACAAAACAAATCCCTGGTCTGGGAG,var2,Insertion,FrameShift,37.75
GEP00001_01,B6,FLD0195,chr17_42345522,296373,26127,25242,885,0,2116,23064,91.37,CACAGTTCAGTCCACATCTCCATGGTCTGCTGCTGATTTTTATTCTCTTTCTCTCCTACTTATAGAGCAGGTATCTTGAGAAGCCAATGGAGATTGCCCGGATTGTGGCCCGGTGCCTGTGGGAAGAATCACGCCTTCTACAGACTGCAGCCACTGCGGCCCAGGTGAGACCTGAGACAAAACAAATCCCTGGTCTGGGAG,var3,WildType,WildType,0.0
GEP00001_01,B7,FLD0196,chr17_42345522,317753,33223,32102,1121,0,2880,29157,90.83,CACAGTTCAGTCCACATCTCCATGGTCTGCTGCTGATTTTTATTCTCTTTCTCTCCTACTTATAGAGCAGGTATCTTGAGAAGCCAATGGAGATTGCCCGGATTGTGGCCCGGTGCCTGTGGGAAGAATCACGCCTTCTACAGACTGCAGCCACTGCGGCCCAGGTGAGACCTGAGACAAAACAAATCCCTGGTCTGGGAG,var3,WildType,WildType,0.0
GEP00001_01,B8,FLD0197,chr17_42345522,284041,22447,21870,577,0,1584,5348,24.45,CACAGTTCAGTCCACATCTCCATGGTCTGCTGCTGATTTTTATTCTCTTTCTCTCCTACTTATAGAGCAGGTATCTTGAGAAGCCAATGGAGATTGCCCGGATTGTGGCCCGGTGCCTTCTACAGACTGCAGCCACTGCGGCCTTCTACAGACTGCAGCCACTGCGGCCCAGGTGAGACCTGAGACAAAACAAATCCCTGGTCTGGGAG,var4,Insertion_Deletion_Mismatch,ComplexFrameShift,19.56
GEP00001_01,B8,FLD0197,chr17_42345522,284041,22447,21870,577,0,1584,14940,68.31,CACAGTTCAGTCCACATCTCCATGGTCTGCTGCTGATTTTTATTCTCTTTCTCTCCTACTTATAGAGCAGGTATCTTGAGAAGCCAATGGAGATTGCCCGGATTGTGGCCCGGTGCCTTCTACAGACTGCAGCCACTGCGGCCCAGGTGAGACCTGAGACAAAACAAATCCCTGGTCTGGGAG,var5,Deletion,Unclassified,0.0
GEP00001_01,B9,FLD0198,chr17_42345522,406275,35663,34135,1528,0,2956,31082,91.06,CACAGTTCAGTCCACATCTCCATGGTCTGCTGCTGATTTTTATTCTCTTTCTCTCCTACTTATAGAGCAGGTATCTTGAGAAGCCAATGGAGATTGCCCGGATTGTGGCCCGGTGCCTGTGGGGAAGAATCACGCCTTCTACAGACTGCAGCCACTGCGGCCCAGGTGAGACCTGAGACAAAACAAATCCCTGGTCTGGGAG,var6,Insertion,FrameShift,91.06
GEP00001_01,B10,FLD0199,chr17_42345522,74248,580,556,24,0,74,483,86.87,CACAGTTCAGTCCACATCTCCATGGTCTGCTGCTGATTTTTATTCTCTTTCTCTCCTACTTATAGAGCAGGTATCTTGAGAAGCCAATGGAGATTGCCCGGATTGTGGCCCGGTGCCTGTGGGAAGAATCACGCCTTCTACAGACTGCAGCCACTGCGGCCCAGGTGAGACCTGAGACAAAACAAATCCCTGGTCTGGGAG,var3,WildType,WildType,0.0
GEP00001_01,B11,FLD0200,chr17_42345522,478848,41144,39853,1291,0,3228,36525,91.65,CACAGTTCAGTCCACATCTCCATGGTCTGCTGCTGATTTTTATTCTCTTTCTCTCCTACTTATAGAGCAGGTATCTTGAGAAGCCAATGGAGATTGCCCGGATTGTGGCCCGGTGCCTGTGGGAAGAATCACGCCTTCTACAGACTGCAGCCACTGCGGCCCAGGTGAGACCTGAGACAAAACAAATCCCTGGTCTGGGAG,var3,WildType,WildType,0.0
GEP00001_01,C4,FLD0201,chr17_42345522,388354,47091,45513,1578,0,3022,42391,93.14,CACAGTTCAGTCCACATCTCCATGGTCTGCTGCTGATTTTTATTCTCTTTCTCTCCTACTTATAGAGCAGGTATCTTGAGAAGCCAATGGAGATTGCCCGGATTGTGGCCCGGTGCCTGTGGGAAGAATCACGCCTTCTACAGACTGCAGCCACTGCGGCCCAGGTGAGACCTGAGACAAAACAAATCCCTGGTCTGGGAG,var3,WildType,WildType,0.0
GEP00001_01,C5,FLD0202,chr17_42345522,440630,32054,31537,517,0,2325,15380,48.77,CACAGTTCAGTCCACATCTCCATGGTCTGCTGCTGATTTTTATTCTCTTTCTCTCCTACTTATAGAGCAGGTATCTTGAGAAGCCAATGGAGATTGCCCGGATTGTGGCCCGGTGCCTGTGGAAGAATCACGCCTTCTACAGACTGCAGCCACTGCGGCCCAGGTGAGACCTGAGACAAAACAAATCCCTGGTCTGGGAG,var7,Deletion,Unclassified,0.0
GEP00001_01,C5,FLD0202,chr17_42345522,440630,32054,31537,517,0,2325,13836,43.87,CACAGTTCAGTCCACATCTCCATGGTCTGCTGCTGATTTTTATTCTCTTTCTCTCCTACTTATAGAGCAGGTATCTTGAGAAGCCAATGGAGATTGCCCGGATTGTGGCCCGGTGCCTGTGGGGGAAGAATCACGCCTTCTACAGACTGCAGCCACTGCGGCCCAGGTGAGACCTGAGACAAAACAAATCCCTGGTCTGGGAG,var2,Insertion,FrameShift,43.87
GEP00001_01,C7,FLD0204,chr17_42345522,342487,25988,24842,1146,0,1798,22981,92.51,CACAGTTCAGTCCACATCTCCATGGTCTGCTGCTGATTTTTATTCTCTTTCTCTCCTACTTATAGAGCAGGTATCTTGAGAAGCCAATGGAGATTGCCCGGATTGTGGCCCGGTGCCTGTGGGGAAGAATCACGCCTTCTACAGACTGCAGCCACTGCGGCCCAGGTGAGACCTGAGACAAAACAAATCCCTGGTCTGGGAG,var6,Insertion,FrameShift,92.51
GEP00001_01,C8,FLD0205,chr17_42345522,488039,38645,37323,1322,0,2613,34612,92.74,CACAGTTCAGTCCACATCTCCATGGTCTGCTGCTGATTTTTATTCTCTTTCTCTCCTACTTATAGAGCAGGTATCTTGAGAAGCCAATGGAGATTGCCCGGATTGTGGCCCGGTGCCTGTGGGAAGAATCACGCCTTCTACAGACTGCAGCCACTGCGGCCCAGGTGAGACCTGAGACAAAACAAATCCCTGGTCTGGGAG,var3,WildType,WildType,0.0
GEP00001_01,C9,FLD0206,chr17_42345522,556261,53396,52313,1083,0,3235,32766,62.63,CACAGTTCAGTCCACATCTCCATGGTCTGCTGCTGATTTTTATTCTCTTTCTCTCCTACTTATAGAGCAGGTATCTTGAGAAGCCAATGGAGATTGCCCGGATTGTGGCCCGGTGCCTTCTACAGACTGCAGCCACTGCGGCCCAGGTGAGACCTGAGACAAAACAAATCCCTGGTCTGGGAG,var5,Deletion,Unclassified,0.0
GEP00001_01,C9,FLD0206,chr17_42345522,556261,53396,52313,1083,0,3235,16322,31.2,CACAGTTCAGTCCACATCTCCATGGTCTGCTGCTGATTTTTATTCTCTTTCTCTCCTACTTATAGAGCAGGTATCTTGAGAAGCCAATGGAGATTGCCCGGATTGTGGCCCGGTGCCTGTGGAAGAATCACGCCTTCTACAGACTGCAGCCACTGCGGCCCAGGTGAGACCTGAGACAAAACAAATCCCTGGTCTGGGAG,var7,Deletion,Unclassified,0.0
GEP00001_01,C10,FLD0207,chr17_42345522,93193,942,890,52,0,97,799,89.78,CACAGTTCAGTCCACATCTCCATGGTCTGCTGCTGATTTTTATTCTCTTTCTCTCCTACTTATAGAGCAGGTATCTTGAGAAGCCAATGGAGATTGCCCGGATTGTGGCCCGGTGCCTGTGGGAAGAATCACGCCTTCTACAGACTGCAGCCACTGCGGCCCAGGTGAGACCTGAGACAAAACAAATCCCTGGTCTGGGAG,var3,WildType,WildType,0.0
GEP00001_01,C11,FLD0208,chr17_42345522,467474,36780,35605,1175,0,2522,32980,92.63,CACAGTTCAGTCCACATCTCCATGGTCTGCTGCTGATTTTTATTCTCTTTCTCTCCTACTTATAGAGCAGGTATCTTGAGAAGCCAATGGAGATTGCCCGGATTGTGGCCCGGTGCCTGTGGGAAGAATCACGCCTTCTACAGACTGCAGCCACTGCGGCCCAGGTGAGACCTGAGACAAAACAAATCCCTGGTCTGGGAG,var3,WildType,WildType,0.0
GEP00001_01,E2,FLD0209,chr17_42345522,383401,50070,48387,1683,0,4081,44124,91.19,CACAGTTCAGTCCACATCTCCATGGTCTGCTGCTGATTTTTATTCTCTTTCTCTCCTACTTATAGAGCAGGTATCTTGAGAAGCCAATGGAGATTGCCCGGATTGTGGCCCGGTGCCTGTGGGAAGAATCACGCCTTCTACAGACTGCAGCCACTGCGGCCCAGGTGAGACCTGAGACAAAACAAATCCCTGGTCTGGGAG,var3,WildType,WildType,0.0
GEP00001_01,E3,FLD0210,chr17_42345522,355685,29733,28856,877,0,2782,13924,48.25,CACAGTTCAGTCCACATCTCCATGGTCTGCTGCTGATTTTTATTCTCTTTCTCTCCTACTTATAGAGCAGGTATCTTGAGAAGCCAATGGAGATTGCCCGGATTGTGGCCCGGTGCCTGTGGGGAAGAATCACGCCTTCTACAGACTGCAGCCACTGCGGCCCAGGTGAGACCTGAGACAAAACAAATCCCTGGTCTGGGAG,var6,Insertion,FrameShift,48.25
GEP00001_01,E3,FLD0210,chr17_42345522,355685,29733,28856,877,0,2782,12152,42.11,CACAGTTCAGTCCACATCTCCATGGTCTGCTGCTGATTTTTATTCTCTTTCTCTCCTACTTATAGAGCAGGTATCTTGAGAAGCCAATGGAGATTGCCCGGATTGTGGCCCGGTGCCTGTGGAAGAATCACGCCTTCTACAGACTGCAGCCACTGCGGCCCAGGTGAGACCTGAGACAAAACAAATCCCTGGTCTGGGAG,var7,Deletion,Unclassified,0.0
GEP00001_01,E4,FLD0211,chr17_42345522,115988,3257,3202,55,0,278,2671,83.42,CACAGTTCAGTCCACATCTCCATGGTCTGCTGCTGATTTTTATTCTCTTTCTCTCCTACTTATAGAGCAGGTATCTTGAGAAGCCAATGGAGATTGCCCGGATTGTGGCCCGGTGCCTGTGGAAGAATCACGCCTTCTACAGACTGCAGCCACTGCGGCCCAGGTGAGACCTGAGACAAAACAAATCCCTGGTCTGGGAG,var7,Deletion,Unclassified,0.0
GEP00001_01,E5,FLD0212,chr17_42345522,288344,26421,25502,919,0,2335,23171,90.86,CACAGTTCAGTCCACATCTCCATGGTCTGCTGCTGATTTTTATTCTCTTTCTCTCCTACTTATAGAGCAGGTATCTTGAGAAGCCAATGGAGATTGCCCGGATTGTGGCCCGGTGCCTGTGGGAAGAATCACGCCTTCTACAGACTGCAGCCACTGCGGCCCAGGTGAGACCTGAGACAAAACAAATCCCTGGTCTGGGAG,var3,WildType,WildType,0.0
GEP00001_01,E6,FLD0213,chr17_42345522,394329,32897,31473,1424,0,2861,28461,90.43,CACAGTTCAGTCCACATCTCCATGGTCTGCTGCTGATTTTTATTCTCTTTCTCTCCTACTTATAGAGCAGGTATCTTGAGAAGCCAATGGAGATTGCCCGGATTGTGGCCCGGTGCCTGTGGGGAAGAATCACGCCTTCTACAGACTGCAGCCACTGCGGCCCAGGTGAGACCTGAGACAAAACAAATCCCTGGTCTGGGAG,var6,Insertion,FrameShift,90.43
GEP00001_01,E7,FLD0214,chr17_42345522,301538,12970,12437,533,0,1140,11109,89.32,CACAGTTCAGTCCACATCTCCATGGTCTGCTGCTGATTTTTATTCTCTTTCTCTCCTACTTATAGAGCAGGTATCTTGAGAAGCCAATGGAGATTGCCCGGATTGTGGCCCGGTGCCTGTGGGGAAGAATCACGCCTTCTACAGACTGCAGCCACTGCGGCCCAGGTGAGACCTGAGACAAAACAAATCCCTGGTCTGGGAG,var6,Insertion,FrameShift,89.32
GEP00001_01,E8,FLD0215,chr17_42345522,254361,20362,19724,638,0,1957,8948,45.37,CACAGTTCAGTCCACATCTCCATGGTCTGCTGCTGATTTTTATTCTCTTTCTCTCCTACTTATAGAGCAGGTATCTTGAGAAGCCAATGGAGATTGCCCGGATTGTGGCCCGGTGCCTGTGAAGAATCACGCCTTCTACAGACTGCAGCCACTGCGGCCCAGGTGAGACCTGAGACAAAACAAATCCCTGGTCTGGGAG,var8,Deletion,Unclassified,0.0
GEP00001_01,E8,FLD0215,chr17_42345522,254361,20362,19724,638,0,1957,8820,44.72,CACAGTTCAGTCCACATCTCCATGGTCTGCTGCTGATTTTTATTCTCTTTCTCTCCTACTTATAGAGCAGGTATCTTGAGAAGCCAATGGAGATTGCCCGGATTGTGGCCCGGTGCCTGTGGAAGAATCACGCCTTCTACAGACTGCAGCCACTGCGGCCCAGGTGAGACCTGAGACAAAACAAATCCCTGGTCTGGGAG,var7,Deletion,Unclassified,0.0
GEP00001_01,E9,FLD0216,chr17_42345522,460284,44976,43598,1378,0,3830,19352,44.39,CACAGTTCAGTCCACATCTCCATGGTCTGCTGCTGATTTTTATTCTCTTTCTCTCCTACTTATAGAGCAGGTATCTTGAGAAGCCAATGGAGATTGCCCGGATTGTGGCCCGGTGCCTGGGAAGAATCACGCCTTCTACAGACTGCAGCCACTGCGGCCCAGGTGAGACCTGAGACAAAACAAATCCCTGGTCTGGGAG,var9,Deletion,Unclassified,0.0
GEP00001_01,E9,FLD0216,chr17_42345522,460284,44976,43598,1378,0,3830,20285,46.53,CACAGTTCAGTCCACATCTCCATGGTCTGCTGCTGATTTTTATTCTCTTTCTCTCCTACTTATAGAGCAGGTATCTTGAGAAGCCAATGGAGATTGCCCGGATTGTGGCCCGGTGCCTGTGGAAGAATCACGCCTTCTACAGACTGCAGCCACTGCGGCCCAGGTGAGACCTGAGACAAAACAAATCCCTGGTCTGGGAG,var7,Deletion,Unclassified,0.0
GEP00001_02,D4,FLD0217,chr17_42345522,48379,46197,45488,709,0,3885,41317,90.83,CACAGTTCAGTCCACATCTCCATGGTCTGCTGCTGATTTTTATTCTCTTTCTCTCCTACTTATAGAGCAGGTATCTTGAGAAGCCAATGGAGATTGCCCGGATTGTGTGGCCCGGTGCCTGTGGGAAGAATCACGCCTTCTACAGACTGCAGCCACTGCGGCCCAGGTGAGACCTGAGACAAAACAAATCCCTGGTCTGGGAG,var10,Insertion,FrameShift,90.83
GEP00001_02,D5,FLD0218,chr17_42345522,84523,80831,78158,2673,0,6151,70912,90.73,CACAGTTCAGTCCACATCTCCATGGTCTGCTGCTGATTTTTATTCTCTTTCTCTCCTACTTATAGAGCAGGTATCTTGAGAAGCCAATGGAGATTGCCCGGATTGTGGCCCGGTGCCTGTGGGAAGAATCACGCCTTCTACAGACTGCAGCCACTGCGGCCCAGGTGAGACCTGAGACAAAACAAATCCCTGGTCTGGGAG,var3,WildType,WildType,0.0
GEP00001_02,D6,FLD0219,chr17_42345522,135082,129181,126194,2987,0,11040,57938,45.91,CACAGTTCAGTCCACATCTCCATGGTCTGCTGCTGATTTTTATTCTCTTTCTCTCCTACTTATAGAGCAGGTATCTTGAGAAGCCAATGGAGATTGCCCGGATTGTGGCCCGGTGCCTGTGGGAAGAATCACGCCTTCTACAGACTGCAGCCACTGCGGCCCAGGTGAGACCTGAGACAAAACAAATCCCTGGTCTGGGAG,var3,WildType,WildType,0.0
GEP00001_02,D6,FLD0219,chr17_42345522,135082,129181,126194,2987,0,11040,56403,44.7,CACAGTTCAGTCCACATCTCCATGGTCTGCTGCTGATTTTTATTCTCTTTCTCTCCTACTTATAGAGCAGGTATCTTGAGAAGCCAATGGAGATTGCCCGGATTTGGCCCGGTGCCTGTGGGAAGAATCACGCCTTCTACAGACTGCAGCCACTGCGGCCCAGGTGAGACCTGAGACAAAACAAATCCCTGGTCTGGGAG,var11,Deletion,FrameShift,44.7
GEP00001_02,D7,FLD0220,chr17_42345522,24705,23600,22787,813,0,1738,20854,91.52,CACAGTTCAGTCCACATCTCCATGGTCTGCTGCTGATTTTTATTCTCTTTCTCTCCTACTTATAGAGCAGGTATCTTGAGAAGCCAATGGAGATTGCCCGGATTGTGGCCCGGTGCCTGTGGGAAGAATCACGCCTTCTACAGACTGCAGCCACTGCGGCCCAGGTGAGACCTGAGACAAAACAAATCCCTGGTCTGGGAG,var3,WildType,WildType,0.0
GEP00001_02,D8,FLD0221,chr17_42345522,383332,368026,359591,8435,0,15642,133456,37.11,CACAGTTCAGTCCACATCTCCATGGTCTGCTGCTGATTTTTATTCTCTTTCTCTCCTACTTATAGAGCAGGTATCTTGAGAAGCCAATGGAGATTGCCCGGATTGTGGCCCGGTGCCTGTGGGAAGAATCACGCCTTCTACAGACTGCAGCCACTGCGGCCCAGGTGAGACCTGAGACAAAACAAATCCCTGGTCTGGGAG,var3,WildType,WildType,0.0
GEP00001_02,D8,FLD0221,chr17_42345522,383332,368026,359591,8435,0,15642,197697,54.98,CACAGTTCAGTCCACATCTCCATGGTCTGCTGCTGATTTTTATTCTCTTTCTCTCCTACTTATAGAGCAGGTATCTTGAGAAGCCAATGGAGATTGCCCGGTGCCTGTGGGAAGAATCACGCCTTCTACAGACTGCAGCCACTGCGGCCCAGGTGAGACCTGAGACAAAACAAATCCCTGGTCTGGGAG,var12,Deletion,Unclassified,0.0
GEP00001_02,D9,FLD0222,chr17_42345522,425637,408575,398193,10382,0,15929,137151,34.44,CACAGTTCAGTCCACATCTCCATGGTCTGCTGCTGATTTTTATTCTCTTTCTCTCCTACTTATAGAGCAGGTATCTTGAGAAGCCAATGGAGATTGCCCGGATTGTGGGCCCGGTGCCTGTGGGAAGAATCACGCCTTCTACAGACTGCAGCCACTGCGGCCCAGGTGAGACCTGAGACAAAACAAATCCCTGGTCTGGGAG,var13,Insertion,FrameShift,34.44
GEP00001_02,D9,FLD0222,chr17_42345522,425637,408575,398193,10382,0,15929,230502,57.89,CACAGTTCAGTCCACATCTCCATGGTCTGCTGCTGATTTTTATTCTCTTTCTCTCCTACTTATAGAGCAGGTATCTTGAGAAGCCAATGGAGATTGCCCGGTGCCTGTGGGAAGAATCACGCCTTCTACAGACTGCAGCCACTGCGGCCCAGGTGAGACCTGAGACAAAACAAATCCCTGGTCTGGGAG,var12,Deletion,Unclassified,0.0
GEP00001_02,D10,FLD0223,chr17_42345522,118522,113539,109697,3842,0,6927,101289,92.34,CACAGTTCAGTCCACATCTCCATGGTCTGCTGCTGATTTTTATTCTCTTTCTCTCCTACTTATAGAGCAGGTATCTTGAGAAGCCAATGGAGATTGCCCGGATTGTGGCCCGGTGCCTGTGGGAAGAATCACGCCTTCTACAGACTGCAGCCACTGCGGCCCAGGTGAGACCTGAGACAAAACAAATCCCTGGTCTGGGAG,var3,WildType,WildType,0.0
GEP00001_02,D11,FLD0224,chr17_42345522,235720,226461,219031,7430,0,9638,202032,92.24,CACAGTTCAGTCCACATCTCCATGGTCTGCTGCTGATTTTTATTCTCTTTCTCTCCTACTTATAGAGCAGGTATCTTGAGAAGCCAATGGAGATTGCCCGGATTGTGGCCCGGTGCCTGTGGGAAGAATCACGCCTTCTACAGACTGCAGCCACTGCGGCCCAGGTGAGACCTGAGACAAAACAAATCCCTGGTCTGGGAG,var3,WildType,WildType,0.0
GEP00001_02,E4,FLD0225,chr17_42345522,46011,43719,41768,1951,0,5048,36558,87.53,CACAGTTCAGTCCACATCTCCATGGTCTGCTGCTGATTTTTATTCTCTTTCTCTCCTACTTATAGAGCAGGTATCTTGAGAAGCCAATGGAGATTGCCCGGATTGTGCGGATGGAGGCGGATAAAGTTGCAGGACCGCCCGGTGCCTGTGGGAAGAATCACGCCTTCTACAGACTGCAGCCACTGCGGCCCAGGTGAGACCTGAGACAAAACAAATCCCTGGTCTGGGAG,var14,Insertion,FrameShift,87.53
GEP00001_02,E5,FLD0226,chr17_42345522,25029,23899,23078,821,0,1812,21267,92.15,CACAGTTCAGTCCACATCTCCATGGTCTGCTGCTGATTTTTATTCTCTTTCTCTCCTACTTATAGAGCAGGTATCTTGAGAAGCCAATGGAGATTGCCCGGATTGTGGCCCGGTGCCTGTGGGAAGAATCACGCCTTCTACAGACTGCAGCCACTGCGGCCCAGGTGAGACCTGAGACAAAACAAATCCCTGGTCTGGGAG,var3,WildType,WildType,0.0
GEP00001_02,E6,FLD0227,chr17_42345522,104711,100055,96861,3194,0,6984,88851,91.73,CACAGTTCAGTCCACATCTCCATGGTCTGCTGCTGATTTTTATTCTCTTTCTCTCCTACTTATAGAGCAGGTATCTTGAGAAGCCAATGGAGATTGCCCGGATTGTGGCCCGGTGCCTGTGGGAAGAATCACGCCTTCTACAGACTGCAGCCACTGCGGCCCAGGTGAGACCTGAGACAAAACAAATCCCTGGTCTGGGAG,var3,WildType,WildType,0.0
GEP00001_02,E7,FLD0228,chr17_42345522,187513,179504,177016,2488,0,12736,83335,47.08,CACAGTTCAGTCCACATCTCCATGGTCTGCTGCTGATTTTTATTCTCTTTCTCTCCTACTTATAGAGCAGGTATCTTGAGAAGCCAATGGAGATTGCCCGGATTGTGCCCGGTGCCTGTGGGAAGAATCACGCCTTCTACAGACTGCAGCCACTGCGGCCCAGGTGAGACCTGAGACAAAACAAATCCCTGGTCTGGGAG,var15,Deletion,Unclassified,0.0
GEP00001_02,E7,FLD0228,chr17_42345522,187513,179504,177016,2488,0,12736,78874,44.56,CACAGTTCAGTCCACATCTCCATGGTCTGCTGCTGATTTTTATTCTCTTTCTCTCCTACTTATAGAGCAGGTATCTTGAGAAGCCAATGGAGATTGCCCGGATTGTGTGGCCCGGTGCCTGTGGGAAGAATCACGCCTTCTACAGACTGCAGCCACTGCGGCCCAGGTGAGACCTGAGACAAAACAAATCCCTGGTCTGGGAG,var10,Insertion,FrameShift,44.56
GEP00001_02,E8,FLD0229,chr17_42345522,129687,124015,119823,4192,0,7720,108217,90.31,CACAGTTCAGTCCACATCTCCATGGTCTGCTGCTGATTTTTATTCTCTTTCTCTCCTACTTATAGAGCAGGTATCTTGAGAAGCCAATGGAGATTGCCCGGATTGTGGCCCGGTGCCTGTGGGAAGAATCACGCCTTCTACAGACTGCAGCCACTGCGGCCCAGGTGAGACCTGAGACAAAACAAATCCCTGGTCTGGGAG,var3,WildType,WildType,0.0
GEP00001_02,E9,FLD0230,chr17_42345522,222179,213041,205958,7083,0,9958,190167,92.33,CACAGTTCAGTCCACATCTCCATGGTCTGCTGCTGATTTTTATTCTCTTTCTCTCCTACTTATAGAGCAGGTATCTTGAGAAGCCAATGGAGATTGCCCGGATTGTGGCCCGGTGCCTGTGGGAAGAATCACGCCTTCTACAGACTGCAGCCACTGCGGCCCAGGTGAGACCTGAGACAAAACAAATCCCTGGTCTGGGAG,var3,WildType,WildType,0.0
GEP00001_02,E10,FLD0231,chr17_42345522,328444,315351,304629,10722,0,10428,280659,92.13,CACAGTTCAGTCCACATCTCCATGGTCTGCTGCTGATTTTTATTCTCTTTCTCTCCTACTTATAGAGCAGGTATCTTGAGAAGCCAATGGAGATTGCCCGGATTGTGGCCCGGTGCCTGTGGGAAGAATCACGCCTTCTACAGACTGCAGCCACTGCGGCCCAGGTGAGACCTGAGACAAAACAAATCCCTGGTCTGGGAG,var3,WildType,WildType,0.0
GEP00001_02,E11,FLD0232,chr17_42345522,143903,137827,135780,2047,0,8326,125644,92.53,CACAGTTCAGTCCACATCTCCATGGTCTGCTGCTGATTTTTATTCTCTTTCTCTCCTACTTATAGAGCAGGTATCTTGAGAAGCCAATGGAGATTGCCCGGATTGTGTGGCCCGGTGCCTGTGGGAAGAATCACGCCTTCTACAGACTGCAGCCACTGCGGCCCAGGTGAGACCTGAGACAAAACAAATCCCTGGTCTGGGAG,var10,Insertion,FrameShift,92.53
GEP00001_02,F4,FLD0233,chr17_42345522,48815,46667,45435,1232,0,3442,18981,41.78,CACAGTTCAGTCCACATCTCCATGGTCTGCTGCTGATTTTTATTCTCTTTCTCTCCTACTTATAGAGCAGGTATCTTGAGAAGCCAATGGAGATTGCCCGGATTGTGTGCCCGGTGCCTGTGGGAAGAATCACGCCTTCTACAGACTGCAGCCACTGCGGCCCAGGTGAGACCTGAGACAAAACAAATCCCTGGTCTGGGAG,var16,Insertion,FrameShift,41.78
GEP00001_02,F4,FLD0233,chr17_42345522,48815,46667,45435,1232,0,3442,23023,50.67,CACAGTTCAGTCCACATCTCCATGGTCTGCTGCTGATTTTTATTCTCTTTCTCTCCTACTTATAGAGCAGGTATCTTGAGAAGCCAATGGAGATTGCCCGGTGCCTGTGGGAAGAATCACGCCTTCTACAGACTGCAGCCACTGCGGCCCAGGTGAGACCTGAGACAAAACAAATCCCTGGTCTGGGAG,var12,Deletion,Unclassified,0.0
GEP00001_02,F5,FLD0234,chr17_42345522,310392,297231,286958,10273,0,9861,261432,91.1,CACAGTTCAGTCCACATCTCCATGGTCTGCTGCTGATTTTTATTCTCTTTCTCTCCTACTTATAGAGCAGGTATCTTGAGAAGCCAATGGAGATTGCCCGGATTGTGGCCCGGTGCCTGTGGGAAGAATCACGCCTTCTACAGACTGCAGCCACTGCGGCCCAGGTGAGACCTGAGACAAAACAAATCCCTGGTCTGGGAG,var3,WildType,WildType,0.0
GEP00001_02,F6,FLD0235,chr17_42345522,156207,149499,144361,5138,0,8046,132287,91.64,CACAGTTCAGTCCACATCTCCATGGTCTGCTGCTGATTTTTATTCTCTTTCTCTCCTACTTATAGAGCAGGTATCTTGAGAAGCCAATGGAGATTGCCCGGATTGTGGCCCGGTGCCTGTGGGAAGAATCACGCCTTCTACAGACTGCAGCCACTGCGGCCCAGGTGAGACCTGAGACAAAACAAATCCCTGGTCTGGGAG,var3,WildType,WildType,0.0
GEP00001_02,F7,FLD0236,chr17_42345522,4864,4523,4368,155,0,316,4055,92.83,CACAGTTCAGTCCACATCTCCATGGTCTGCTGCTGATTTTTATTCTCTTTCTCTCCTACTTATAGAGCAGGTATCTTGAGAAGCCAATGGAGATTGCCCGGATTGTGGCCCGGTGCCTGTGGGAAGAATCACGCCTTCTACAGACTGCAGCCACTGCGGCCCAGGTGAGACCTGAGACAAAACAAATCCCTGGTCTGGGAG,var3,WildType,WildType,0.0
GEP00001_02,F8,FLD0237,chr17_42345522,172620,165350,158463,6887,0,10730,73197,46.19,CACAGTTCAGTCCACATCTCCATGGTCTGCTGCTGATTTTTATTCTCTTTCTCTCCTACTTATAGAGCAGGTATCTTGAGAAGCCAATGGAGATTGCCCGGATTGGCCCGGTGCCTGTGGGAAGAATCACGCCTTCTACAGACTGCAGCCACTGCGGCCCAGGTGAGACCTGAGACAAAACAAATCCCTGGTCTGGGAG,var17,Deletion,Unclassified,0.0
GEP00001_02,F8,FLD0237,chr17_42345522,172620,165350,158463,6887,0,10730,73590,46.44,CACAGTTCAGTCCACATCTCCATGGTCTGCTGCTGATTTTTATTCTCTTTCTCTCCTACTTATAGAGCAGGTATCTTGAGAAGCCAATGGAGATTGCCCGGATTGTGAGCCCGGTGCCTGTGGGAAGAATCACGCCTTCTACAGACTGCAGCCACTGCGGCCCAGGTGAGACCTGAGACAAAACAAATCCCTGGTCTGGGAG,var18,Insertion,FrameShift,46.44
GEP00001_02,F9,FLD0238,chr17_42345522,213869,205241,198315,6926,0,9576,182555,92.05,CACAGTTCAGTCCACATCTCCATGGTCTGCTGCTGATTTTTATTCTCTTTCTCTCCTACTTATAGAGCAGGTATCTTGAGAAGCCAATGGAGATTGCCCGGATTGTGGCCCGGTGCCTGTGGGAAGAATCACGCCTTCTACAGACTGCAGCCACTGCGGCCCAGGTGAGACCTGAGACAAAACAAATCCCTGGTCTGGGAG,var3,WildType,WildType,0.0
GEP00001_02,F10,FLD0239,chr17_42345522,8921,8052,7917,135,0,602,3995,50.46,CACAGTTCAGTCCACATCTCCATGGTCTGCTGCTGATTTTTATTCTCTTTCTCTCCTACTTATAGAGCAGGTATCTTGAGAAGCCAATGGAGATTGCCCGGTGCCTGTGGGAAGAATCACGCCTTCTACAGACTGCAGCCACTGCGGCCCAGGTGAGACCTGAGACAAAACAAATCCCTGGTCTGGGAG,var12,Deletion,Unclassified,0.0
GEP00001_02,F10,FLD0239,chr17_42345522,8921,8052,7917,135,0,602,3329,42.05,CACAGTTCAGTCCACATCTCCATGGTCTGCTGCTGATTTTTATTCTCTTTCTCTCCTACTTATAGAGCAGGTATCTTGAGAAGCCAATGGAGATTGCCCGGATTGTGTGGCCCGGTGCCTGTGGGAAGAATCACGCCTTCTACAGACTGCAGCCACTGCGGCCCAGGTGAGACCTGAGACAAAACAAATCCCTGGTCTGGGAG,var10,Insertion,FrameShift,42.05
GEP00001_02,F11,FLD0240,chr17_42345522,4024,3616,3488,128,0,263,3237,92.8,CACAGTTCAGTCCACATCTCCATGGTCTGCTGCTGATTTTTATTCTCTTTCTCTCCTACTTATAGAGCAGGTATCTTGAGAAGCCAATGGAGATTGCCCGGATTGTGGCCCGGTGCCTGTGGGAAGAATCACGCCTTCTACAGACTGCAGCCACTGCGGCCCAGGTGAGACCTGAGACAAAACAAATCCCTGGTCTGGGAG,var3,WildType,WildType,0.0
GEP00001_03,B4,FLD0241,chr17_42346597,135913,35030,33770,1260,0,0,16581,49.1,TGTGTGTATGCGTCGGCTTCAGAGCCATTCTTTATCATTCTTCCTTTTCCTAGGGCATATGCGGCCAGCAAAGAATCACATGCCACTGGTGTTTCATAATCTCCTGGGAGAGATTGACCAGCAGTATAGCCGCTTCCTGCAAGAGTCGAATGTTCTCTATCAGCACAA,var19,Deletion,Unclassified,0.0
GEP00001_03,B4,FLD0241,chr17_42346597,135913,35030,33770,1260,0,0,15529,45.98,TGTGTGTATGCGTCGGCTTCAGAGCCATTCTTTATCATTCTTCCTTTTCCTAGGGCATATGCGGCCAGCAAAGAATCACATGCCACTTTTTCATAATCTCCTGGGAGAGATTGACCAGCAGTATAGCCGCTTCCTGCAAGAGTCGAATGTTCTCTATCAGCACAA,var20,Deletion,Unclassified,0.0
GEP00001_03,B5,FLD0242,chr17_42346597,201169,32830,31913,917,0,0,29881,93.63,TGTGTGTATGCGTCGGCTTCAGAGCCATTCTTTATCATTCTTCCTTTTCCTAGGGCATATGCGGCCAGCAAAGAATCACATGCCACTTTTTGGTGTTTCATAATCTCCTGGGAGAGATTGACCAGCAGTATAGCCGCTTCCTGCAAGAGTCGAATGTTCTCTATCAGCACAA,var21,Insertion,FrameShift,93.63
GEP00001_03,B6,FLD0243,chr17_42346597,48504,4281,4186,95,0,0,3892,92.98,TGTGTGTATGCGTCGGCTTCAGAGCCATTCTTTATCATTCTTCCTTTTCCTAGGGCATATGCGGCCAGCAAAGAATCACATGCCACTTTGGTGTTTCATAATCTCCTGGGAGAGATTGACCAGCAGTATAGCCGCTTCCTGCAAGAGTCGAATGTTCTCTATCAGCACAA,var22,WildType,WildType,0.0
GEP00001_03,B7,FLD0244,chr17_42346597,53410,2705,2649,56,0,0,2511,94.79,TGTGTGTATGCGTCGGCTTCAGAGCCATTCTTTATCATTCTTCCTTTTCCTAGGGCATATGCGGCCAGCAAAGAATCACATGCCACTTTGGTGTTTCATAATCTCCTGGGAGAGATTGACCAGCAGTATAGCCGCTTCCTGCAAGAGTCGAATGTTCTCTATCAGCACAA,var22,WildType,WildType,0.0
GEP00001_03,B8,FLD0245,chr17_42346597,143901,35510,34350,1160,0,0,15419,44.89,TGTGTGTATGCGTCGGCTTCAGAGCCATTCTTTATCATTCTTCCTTTTCCTAGGGCATATGCGGCCAGCAAAGAATCACATGCCACTTTGGGTGTTTCATAATCTCCTGGGAGAGATTGACCAGCAGTATAGCCGCTTCCTGCAAGAGTCGAATGTTCTCTATCAGCACAA,var23,Insertion,FrameShift,44.89
GEP00001_03,B8,FLD0245,chr17_42346597,143901,35510,34350,1160,0,0,17122,49.85,TGTGTGTATGCGTCGGCTTCAGAGCCATTCTTTATCATTCTTCCTTTTCCTAGGGCATATGCGGCCAGCAAAGAATCACATGCCACTTGTGTTTCATAATCTCCTGGGAGAGATTGACCAGCAGTATAGCCGCTTCCTGCAAGAGTCGAATGTTCTCTATCAGCACAA,var24,Deletion,Unclassified,0.0
GEP00001_03,B9,FLD0246,chr17_42346597,164718,37405,36629,776,0,0,34869,95.2,TGTGTGTATGCGTCGGCTTCAGAGCCATTCTTTATCATTCTTCCTTTTCCTAGGGCATATGCGGCCAGCAAAGAATCACATGCCACTTTGGTGTTTCATAATCTCCTGGGAGAGATTGACCAGCAGTATAGCCGCTTCCTGCAAGAGTCGAATGTTCTCTATCAGCACAA,var22,WildType,WildType,0.0
GEP00001_03,B10,FLD0247,chr17_42346597,75375,8693,8433,260,0,0,4308,51.09,TGTGTGTATGCGTCGGCTTCAGAGCCATTCTTTATCATTCTTCCTTTTCCTAGGGCATATGCGGCCAGCAAAGAATCTGGTGTTTCATAATCTCCTGGGAGAGATTGACCAGCAGTATAGCCGCTTCCTGCAAGAGTCGAATGTTCTCTATCAGCACAA,var25,Deletion,Unclassified,0.0
GEP00001_03,B10,FLD0247,chr17_42346597,75375,8693,8433,260,0,0,3762,44.61,TGTGTGTATGCGTCGGCTTCAGAGCCATTCTTTATCATTCTTCCTTTTCCTAGGGCATATGCGGCCAGCAAAGAATCACATGCCACTTGGTGTTTCATAATCTCCTGGGAGAGATTGACCAGCAGTATAGCCGCTTCCTGCAAGAGTCGAATGTTCTCTATCAGCACAA,var26,Deletion,Unclassified,0.0
GEP00001_03,B11,FLD0248,chr17_42346597,177394,40843,39389,1454,0,0,22175,56.3,TGTGTGTATGCGTCGGCTTCAGAGCCATTCTTTATCATTCTTCCTTTTCCTAGGGCATATGCGGCCAGCAAAGAATCACATGCCACTTTTAATCTCCTGGGAGAGATTGACCAGCAGTATAGCCGCTTCCTGCAAGAGTCGAATGTTCTCTATCAGCACAA,var27,Deletion,Unclassified,0.0
GEP00001_03,B11,FLD0248,chr17_42346597,177394,40843,39389,1454,0,0,15783,40.07,TGTGTGTATGCGTCGGCTTCAGAGCCATTCTTTATCATTCTTCCTTTTCCTAGGGCATATGCGGCCAGCAAAGAATCACATGCCACTTTTTGGTGTTTCATAATCTCCTGGGAGAGATTGACCAGCAGTATAGCCGCTTCCTGCAAGAGTCGAATGTTCTCTATCAGCACAA,var21,Insertion,FrameShift,40.07
GEP00001_03,C2,FLD0249,chr17_42346597,185633,56730,55438,1292,0,0,34585,62.39,TGTGTGTATGCGTCGGCTTCAGAGCCATTCTTTATCATTCTTCCTTTTCCTAGGGCATATGCGGCCAGCAAAGAATCACATGCCACTTTGCTGGGAGAGATTGACCAGCAGTATAGCCGCTTCCTGCAAGAGTCGAATGTTCTCTATCAGCACAA,var28,Deletion,Unclassified,0.0
GEP00001_03,C2,FLD0249,chr17_42346597,185633,56730,55438,1292,0,0,18431,33.25,TGTGTGTATGCGTCGGCTTCAGAGCCATTCTTTATCATTCTTCCTTTTCCTAGGGCATATGCGGCCAGCAAAGAATCACATGCCACTTGGTGTTTCATAATCTCCTGGGAGAGATTGACCAGCAGTATAGCCGCTTCCTGCAAGAGTCGAATGTTCTCTATCAGCACAA,var26,Deletion,Unclassified,0.0
GEP00001_03,C3,FLD0250,chr17_42346597,150038,35758,35140,618,0,0,33526,95.41,TGTGTGTATGCGTCGGCTTCAGAGCCATTCTTTATCATTCTTCCTTTTCCTAGGGCATATGCGGCCAGCAAAGAATCACATGCCACTTGTTTCATAATCTCCTGGGAGAGATTGACCAGCAGTATAGCCGCTTCCTGCAAGAGTCGAATGTTCTCTATCAGCACAA,var29,Deletion,Unclassified,0.0
GEP00001_03,C4,FLD0251,chr17_42346597,119655,27333,26827,506,0,0,25398,94.67,TGTGTGTATGCGTCGGCTTCAGAGCCATTCTTTATCATTCTTCCTTTTCCTAGGGCATATGCGGCCAGCAAAGAATCACATGCCACTTTTGGTGTTTCATAATCTCCTGGGAGAGATTGACCAGCAGTATAGCCGCTTCCTGCAAGAGTCGAATGTTCTCTATCAGCACAA,var30,Insertion,FrameShift,94.67
GEP00001_03,C5,FLD0252,chr17_42346597,87954,13595,13341,254,0,0,6161,46.18,TGTGTGTATGCGTCGGCTTCAGAGCCATTCTTTATCATTCTTCCTTTTCCTAGGGCATATGCGGCCAGCAAAGAATCACATGCCACTTGGTGTTTCATAATCTCCTGGGAGAGATTGACCAGCAGTATAGCCGCTTCCTGCAAGAGTCGAATGTTCTCTATCAGCACAA,var26,Deletion,Unclassified,0.0
GEP00001_03,C5,FLD0252,chr17_42346597,87954,13595,13341,254,0,0,6498,48.71,TGTGTGTATGCGTCGGCTTCAGAGCCATTCTTTATCATTCTTCCTTTTCCTAGGGCATATGCGGCCAGCAAAGAATCACATGCCACTTGAGTGTTTCATAATCTCCTGGGAGAGATTGACCAGCAGTATAGCCGCTTCCTGCAAGAGTCGAATGTTCTCTATCAGCACAA,var31,Insertion_Deletion,ComplexFrameShift,38.968
GEP00001_03,C6,FLD0253,chr17_42346597,190395,41926,41110,816,0,0,39000,94.87,TGTGTGTATGCGTCGGCTTCAGAGCCATTCTTTATCATTCTTCCTTTTCCTAGGGCATATGCGGCCAGCAAAGAATCACATGCCACTTTGGTGTTTCATAATCTCCTGGGAGAGATTGACCAGCAGTATAGCCGCTTCCTGCAAGAGTCGAATGTTCTCTATCAGCACAA,var22,WildType,WildType,0.0
GEP00001_03,C7,FLD0254,chr17_42346597,204482,39025,38194,831,0,0,36369,95.22,TGTGTGTATGCGTCGGCTTCAGAGCCATTCTTTATCATTCTTCCTTTTCCTAGGGCATATGCGGCCAGCAAAGAATCACATGCCACTTGGTGTTTCATAATCTCCTGGGAGAGATTGACCAGCAGTATAGCCGCTTCCTGCAAGAGTCGAATGTTCTCTATCAGCACAA,var26,Deletion,Unclassified,0.0
GEP00001_03,C8,FLD0255,chr17_42346597,238248,55216,54131,1085,0,0,51193,94.57,TGTGTGTATGCGTCGGCTTCAGAGCCATTCTTTATCATTCTTCCTTTTCCTAGGGCATATGCGGCCAGCAAAGAATCACATGCCACTTTGGTGTTTCATAATCTCCTGGGAGAGATTGACCAGCAGTATAGCCGCTTCCTGCAAGAGTCGAATGTTCTCTATCAGCACAA,var22,WildType,WildType,0.0
GEP00001_03,C9,FLD0256,chr17_42346597,67363,5940,5830,110,0,0,5565,95.45,TGTGTGTATGCGTCGGCTTCAGAGCCATTCTTTATCATTCTTCCTTTTCCTAGGGCATATGCGGCCAGCAAAGAATCACATGCCACTTTTGGTGTTTCATAATCTCCTGGGAGAGATTGACCAGCAGTATAGCCGCTTCCTGCAAGAGTCGAATGTTCTCTATCAGCACAA,var30,Insertion,FrameShift,95.45
GEP00001_03,D4,FLD0257,chr17_42346597,73895,12076,11834,242,0,0,11422,96.52,TGTGTGTATGCGTCGGCTTCAGAGCCATTCTTTATCATTCTTCCTTTTCCTAGGGCATATGCGGCCAGCAAAGAATCACATGCCACTTGGTGTTTCATAATCTCCTGGGAGAGATTGACCAGCAGTATAGCCGCTTCCTGCAAGAGTCGAATGTTCTCTATCAGCACAA,var26,Deletion,Unclassified,0.0
GEP00001_03,D5,FLD0258,chr17_42346597,210710,35313,34007,1306,0,0,32782,96.4,TGTGTGTATGCGTCGGCTTCAGAGCCATTCTTTATCATTCTTCCTTTTCCTAGGGCATATGCGGCCAGCAAAGAATCACATGTTTCATAATCTCCTGGGAGAGATTGACCAGCAGTATAGCCGCTTCCTGCAAGAGTCGAATGTTCTCTATCAGCACAA,var32,Deletion,Unclassified,0.0
GEP00001_03,D6,FLD0259,chr17_42346597,122146,30584,29881,703,0,0,13119,43.9,TGTGTGTATGCGTCGGCTTCAGAGCCATTCTTTATCATTCTTCCTTTTCCTAGGGCATATGCGGCCAGCAAAGAATCACATGCCACTTTTTTGGTGTTTCATAATCTCCTGGGAGAGATTGACCAGCAGTATAGCCGCTTCCTGCAAGAGTCGAATGTTCTCTATCAGCACAA,var33,Insertion,Insertion,0.0
GEP00001_03,D6,FLD0259,chr17_42346597,122146,30584,29881,703,0,0,15571,52.11,TGTGTGTATGCGTCGGCTTCAGAGCCATTCTTTATCATTCTTCCTTTTCCTAGGGCATATGCGGCCAGCAAAGAATCACATGCCACTTTTTGGTGTTTCATAATCTCCTGGGAGAGATTGACCAGCAGTATAGCCGCTTCCTGCAAGAGTCGAATGTTCTCTATCAGCACAA,var21,Insertion,FrameShift,52.11
GEP00001_03,D7,FLD0260,chr17_42346597,269638,87268,82956,4312,0,0,6684,8.06,TGTGTGTATGCGTCGGCTTCAGAGCCATTCTTTATCATTCTTCCTTTTCCTAGGGCATATGCGGCCAGCAAAGAATGTGTTTCATAATCTCCTGGGAGAGATTGACCAGCAATATAGCCGCTTCCTGCAAGAGTCGAATGTTCTCTATCAGCACAA,var34,Mismatch_Deletion,Complex,4.03
GEP00001_03,D7,FLD0260,chr17_42346597,269638,87268,82956,4312,0,0,8278,9.98,TGTGTGTATGCGTCGGCTTCAGAGCCATTCTTTATCATTCTTCCTTTTCCTAGGGCATATGCGGCCAGCAAAGAATCACATGCCATAATCTCCTGGGAGAGATTGACCAGCAGTATAGCCGCTTCCTGCAAGAGTCGAATGTTCTCTATCAGCACAA,var35,Deletion,Unclassified,0.0
GEP00001_03,D7,FLD0260,chr17_42346597,269638,87268,82956,4312,0,0,31366,37.81,TGTGTGTATGCGTCGGCTTCAGAGCCATTCTTTATCATTCTTCCTTTTCCTAGGGCATATGCGGCCAGCAAAGAATGTGTTTCATAATCTCCTGGGAGAGATTGACCAGCAGTATAGCCGCTTCCTGCAAGAGTCGAATGTTCTCTATCAGCACAA,var36,Deletion,Unclassified,0.0
GEP00001_03,D7,FLD0260,chr17_42346597,269638,87268,82956,4312,0,0,33904,40.87,TGTGTGTATGCGTCGGCTTCAGAGCCATTCTTTATCATTCTTCCTTTTCCTAGGGCATATGCGGCCAGCAAAGAATCACATGCCATAATCTCCTGGGAGAGATTGACCAGCAATATAGCCGCTTCCTGCAAGAGTCGAATGTTCTCTATCAGCACAA,var37,Mismatch_Deletion,Complex,20.435
GEP00001_03,D8,FLD0261,chr17_42346597,117715,21829,21384,445,0,0,9256,43.28,TGTGTGTATGCGTCGGCTTCAGAGCCATTCTTTATCATTCTTCCTTTTCCTAGGGCATATGCGGCCAGCAAAGAATCACATGCCACTTGTGGTGTTTCATAATCTCCTGGGAGAGATTGACCAGCAGTATAGCCGCTTCCTGCAAGAGTCGAATGTTCTCTATCAGCACAA,var38,Insertion,FrameShift,43.28
GEP00001_03,D8,FLD0261,chr17_42346597,117715,21829,21384,445,0,0,11351,53.08,TGTGTGTATGCGTCGGCTTCAGAGCCATTCTTTATCATTCTTCCTTTTCCTAGGGCATATGCGGCCAGCAAAGAATCACATGCCACTTGGTGTTTCATAATCTCCTGGGAGAGATTGACCAGCAGTATAGCCGCTTCCTGCAAGAGTCGAATGTTCTCTATCAGCACAA,var26,Deletion,Unclassified,0.0
GEP00001_03,D9,FLD0262,chr17_42346597,161316,39749,38424,1325,0,0,19105,49.72,TGTGTGTATGCGTCGGCTTCAGAGCCATTCTTTATCATTCTTCCTTTTCCTAGGGCATATGCGGCCAGCAAAGAATCACATGGTGTTTCATAATCTCCTGGGAGAGATTGACCAGCAGTATAGCCGCTTCCTGCAAGAGTCGAATGTTCTCTATCAGCACAA,var39,Deletion,Unclassified,0.0
GEP00001_03,D9,FLD0262,chr17_42346597,161316,39749,38424,1325,0,0,18110,47.13,TGTGTGTATGCGTCGGCTTCAGAGCCATTCTTTATCATTCTTCCTTTTCCTAGGGCATATGCGGCCAGCAAAGAATCACATGCCACTTTCATAATCTCCTGGGAGAGATTGACCAGCAGTATAGCCGCTTCCTGCAAGAGTCGAATGTTCTCTATCAGCACAA,var40,Deletion,Unclassified,0.0
GEP00001_03,D10,FLD0263,chr17_42346597,75729,11782,11540,242,0,0,11173,96.82,TGTGTGTATGCGTCGGCTTCAGAGCCATTCTTTATCATTCTTCCTTTTCCTAGGGCATATGCGGCCAGCAAAGAATCACATGCCACTTTGGTGTTTCATAATCTCCTGGGAGAGATTGACCAGCAGTATAGCCGCTTCCTGCAAGAGTCGAATGTTCTCTATCAGCACAA,var22,WildType,WildType,0.0
GEP00001_03,D11,FLD0264,chr17_42346597,181995,43626,42799,827,0,0,41338,96.59,TGTGTGTATGCGTCGGCTTCAGAGCCATTCTTTATCATTCTTCCTTTTCCTAGGGCATATGCGGCCAGCAAAGAATCACATGCCACTTTGGTGTTTCATAATCTCCTGGGAGAGATTGACCAGCAGTATAGCCGCTTCCTGCAAGAGTCGAATGTTCTCTATCAGCACAA,var22,WildType,WildType,0.0
GEP00001_04,B2,FLD0265,chr17_42345522,37406,4572,4377,195,0,338,4039,92.28,CACAGTTCAGTCCACATCTCCATGGTCTGCTGCTGATTTTTATTCTCTTTCTCTCCTACTTATAGAGCAGGTATCTTGAGAAGCCAATGGAGATTGCCCGGATTGTGGCCCGGTGCCTGTGGGAAGAATCACGCCTTCTACAGACTGCAGCCAACTGCGGCCCAGGTGAGACCTGAGACAAAACAAATCCCTGGTCTGGGAG,var41,Insertion,Intronic,0.0
GEP00001_04,B3,FLD0266,chr17_42345522,13969,509,490,19,0,81,416,84.9,CACAGTTCAGTCCACATCTCCATGGTCTGCTGCTGATTTTTATTCTCTTTCTCTCCTACTTATAGAGCAGGTATCTTGAGAAGCCAATGGAGATTGCCCGGATTGTGGCCCGGTGCCTGTGGGAAGAATCACGCCTTCTACAGACTGCAGCCAACTGCGGCCCAGGTGAGACCTGAGACAAAACAAATCCCTGGTCTGGGAG,var41,Insertion,Intronic,0.0
GEP00001_04,B4,FLD0267,chr17_42345522,13860,347,336,11,0,58,280,83.33,CACAGTTCAGTCCACATCTCCATGGTCTGCTGCTGATTTTTATTCTCTTTCTCTCCTACTTATAGAGCAGGTATCTTGAGAAGCCAATGGAGATTGCCCGGATTGTGGCCCGGTGCCTGTGGGAAGAATCACGCCTTCTACAGACTGCAGCCACTGCGGCCCAGGTGAGACCTGAGACAAAACAAATCCCTGGTCTGGGAG,var3,WildType,WildType,0.0
GEP00001_04,B5,FLD0268,chr17_42345522,27827,6012,5773,239,0,481,2653,45.96,CACAGTTCAGTCCACATCTCCATGGTCTGCTGCTGATTTTTATTCTCTTTCTCTCCTACTTATAGAGCAGGTATCTTGAGAAGCCAATGGAGATTGCCCGGATTGTGGCCCGGTGCCTGTGGGAAGAATCACGCCTTCTACAGACTGCAGCCAACTGCGGCCCAGGTGAGACCTGAGACAAAACAAATCCCTGGTCTGGGAG,var41,Insertion,Intronic,0.0
GEP00001_04,B5,FLD0268,chr17_42345522,27827,6012,5773,239,0,481,2646,45.83,CACAGTTCAGTCCACATCTCCATGGTCTGCTGCTGATTTTTATTCTCTTTCTCTCCTACTTATAGAGCAGGTATCTTGAGAAGCCAATGGAGATTGCCCGGATTGTGGCCCGGTGCCTGTGGGAAGAATCACGCCTTCTACAGACTGCAGCCACCTGCGGCCCAGGTGAGACCTGAGACAAAACAAATCCCTGGTCTGGGAG,var42,Insertion,Intronic,0.0
GEP00001_04,B6,FLD0269,chr17_42345522,25736,5027,4778,249,0,383,4395,91.98,CACAGTTCAGTCCACATCTCCATGGTCTGCTGCTGATTTTTATTCTCTTTCTCTCCTACTTATAGAGCAGGTATCTTGAGAAGCCAATGGAGATTGCCCGGATTGTGGCCCGGTGCCTGTGGGAAGAATCACGCCTTCTACAGACTGCAGCCAACTGCGGCCCAGGTGAGACCTGAGACAAAACAAATCCCTGGTCTGGGAG,var41,Insertion,Intronic,0.0
GEP00001_04,B7,FLD0270,chr17_42345522,18891,800,761,39,0,90,672,88.3,CACAGTTCAGTCCACATCTCCATGGTCTGCTGCTGATTTTTATTCTCTTTCTCTCCTACTTATAGAGCAGGTATCTTGAGAAGCCAATGGAGATTGCCCGGATTGTGGCCCGGTGCCTGTGGGAAGAATCACGCCTTCTACAGACTGCAGCCAACTGCGGCCCAGGTGAGACCTGAGACAAAACAAATCCCTGGTCTGGGAG,var41,Insertion,Intronic,0.0
GEP00001_04,B8,FLD0271,chr17_42345522,6569,218,210,8,0,52,158,75.24,CACAGTTCAGTCCACATCTCCATGGTCTGCTGCTGATTTTTATTCTCTTTCTCTCCTACTTATAGAGCAGGTATCTTGAGAAGCCAATGGAGATTGCCCGGATTGTGGCCCGGTGCCTGTGGGAAGAATCACGCCTTCTACAGACTGCAGCCAACTGCGGCCCAGGTGAGACCTGAGACAAAACAAATCCCTGGTCTGGGAG,var41,Insertion,Intronic,0.0
GEP00001_04,B9,FLD0272,chr17_42345522,3939,166,154,12,0,50,107,69.48,CACAGTTCAGTCCACATCTCCATGGTCTGCTGCTGATTTTTATTCTCTTTCTCTCCTACTTATAGAGCAGGTATCTTGAGAAGCCAATGGAGATTGCCCGGATTGTGGCCCGGTGCCTGTGGGAAGAATCACGCCTTCTACAGACTGCAGCCCAGGTGAGACCTGAGACAAAACAAATCCCTGGTCTGGGAG,var43,Deletion,Intronic,0.0
GEP00001_04,C2,FLD0273,chr17_42345522,21048,2258,2190,68,0,196,1996,91.14,CACAGTTCAGTCCACATCTCCATGGTCTGCTGCTGATTTTTATTCTCTTTCTCTCCTACTTATAGAGCAGGTATCTTGAGAAGCCAATGGAGATTGCCCGGATTGTGGCCCGGTGCCTGTGGGAAGAATCACGCCTTCTACAGACTGCAGCCAACTGCGGCCCAGGTGAGACCTGAGACAAAACAAATCCCTGGTCTGGGAG,var41,Insertion,Intronic,0.0
GEP00001_04,C3,FLD0274,chr17_42345522,43467,3979,3824,155,0,283,1759,46.0,CACAGTTCAGTCCACATCTCCATGGTCTGCTGCTGATTTTTATTCTCTTTCTCTCCTACTTATAGAGCAGGTATCTTGAGAAGCCAATGGAGATTGCCCGGATTGTGGCCCGGTGCCTGTGGGAAGAATCACGCCTTCTACAGACTGCAGCCAACTGCGGCCCAGGTGAGACCTGAGACAAAACAAATCCCTGGTCTGGGAG,var41,Insertion,Intronic,0.0
GEP00001_04,C3,FLD0274,chr17_42345522,43467,3979,3824,155,0,283,1786,46.71,CACAGTTCAGTCCACATCTCCATGGTCTGCTGCTGATTTTTATTCTCTTTCTCTCCTACTTATAGAGCAGGTATCTTGAGAAGCCAATGGAGATTGCCCGGATTGTGGCCCGGTGCCTGTGGGAAGAATCACGCCTTCTACAGACTGCAGCCACCCAGGTGAGACCTGAGACAAAACAAATCCCTGGTCTGGGAG,var44,Deletion,Intronic,0.0
GEP00001_04,C4,FLD0275,chr17_42345522,21354,789,754,35,0,94,672,89.12,CACAGTTCAGTCCACATCTCCATGGTCTGCTGCTGATTTTTATTCTCTTTCTCTCCTACTTATAGAGCAGGTATCTTGAGAAGCCAATGGAGATTGCCCGGATTGTGGCCCGGTGCCTGTGGGAAGAATCACGCCTTCTACAGACTGCAGCCAACTGCGGCCCAGGTGAGACCTGAGACAAAACAAATCCCTGGTCTGGGAG,var41,Insertion,Intronic,0.0
GEP00001_04,C5,FLD0276,chr17_42345522,30777,1179,1111,68,0,116,1002,90.19,CACAGTTCAGTCCACATCTCCATGGTCTGCTGCTGATTTTTATTCTCTTTCTCTCCTACTTATAGAGCAGGTATCTTGAGAAGCCAATGGAGATTGCCCGGATTGTGGCCCGGTGCCTGTGGGAAGAATCACGCCTTCTACAGACTGCAGCCAACTGCGGCCCAGGTGAGACCTGAGACAAAACAAATCCCTGGTCTGGGAG,var41,Insertion,Intronic,0.0
GEP00001_04,C6,FLD0277,chr17_42345522,30658,1734,1656,78,0,136,1520,91.79,CACAGTTCAGTCCACATCTCCATGGTCTGCTGCTGATTTTTATTCTCTTTCTCTCCTACTTATAGAGCAGGTATCTTGAGAAGCCAATGGAGATTGCCCGGATTGTGGCCCGGTGCCTGTGGGAAGAATCACGCCTTCTACAGACTGCAGCCAACTGCGGCCCAGGTGAGACCTGAGACAAAACAAATCCCTGGTCTGGGAG,var41,Insertion,Intronic,0.0
GEP00001_04,C8,FLD0279,chr17_42345522,44894,2726,2609,117,0,195,1219,46.72,CACAGTTCAGTCCACATCTCCATGGTCTGCTGCTGATTTTTATTCTCTTTCTCTCCTACTTATAGAGCAGGTATCTTGAGAAGCCAATGGAGATTGCCCGGATTGTGGCCCGGTGCCTGTGGGAAGAATCACGCCTTCTACAGACTGCAGCCACACTGCGGCCCAGGTGAGACCTGAGACAAAACAAATCCCTGGTCTGGGAG,var45,Insertion,Intronic,0.0
GEP00001_04,C8,FLD0279,chr17_42345522,44894,2726,2609,117,0,195,1196,45.84,CACAGTTCAGTCCACATCTCCATGGTCTGCTGCTGATTTTTATTCTCTTTCTCTCCTACTTATAGAGCAGGTATCTTGAGAAGCCAATGGAGATTGCCCGGATTGTGGCCCGGTGCCTGTGGGAAGAATCACGCCTTCTACAGACTGCAGCCATCTGCGGCCCAGGTGAGACCTGAGACAAAACAAATCCCTGGTCTGGGAG,var46,Insertion,Intronic,0.0
GEP00001_04,C9,FLD0280,chr17_42345522,22454,1420,1346,74,0,112,1235,91.75,CACAGTTCAGTCCACATCTCCATGGTCTGCTGCTGATTTTTATTCTCTTTCTCTCCTACTTATAGAGCAGGTATCTTGAGAAGCCAATGGAGATTGCCCGGATTGTGGCCCGGTGCCTGTGGGAAGAATCACGCCTTCTACAGACTGCAGCCACCAGGTGAGACCTGAGACAAAACAAATCCCTGGTCTGGGAG,var47,Deletion,Intronic,0.0
GEP00001_04,D2,FLD0281,chr17_42345522,39760,2786,2665,121,0,245,2422,90.88,CACAGTTCAGTCCACATCTCCATGGTCTGCTGCTGATTTTTATTCTCTTTCTCTCCTACTTATAGAGCAGGTATCTTGAGAAGCCAATGGAGATTGCCCGGATTGTGGCCCGGTGCCTGTGGGAAGAATCACGCCTTCTACAGACTGCAGCCAACTGCGGCCCAGGTGAGACCTGAGACAAAACAAATCCCTGGTCTGGGAG,var41,Insertion,Intronic,0.0
GEP00001_04,D3,FLD0282,chr17_42345522,17435,869,833,36,0,95,749,89.92,CACAGTTCAGTCCACATCTCCATGGTCTGCTGCTGATTTTTATTCTCTTTCTCTCCTACTTATAGAGCAGGTATCTTGAGAAGCCAATGGAGATTGCCCGGATTGTGGCCCGGTGCCTGTGGGAAGAATCACGCCTTCTACAGACTGCAGCCAACTGCGGCCCAGGTGAGACCTGAGACAAAACAAATCCCTGGTCTGGGAG,var41,Insertion,Intronic,0.0
GEP00001_04,D4,FLD0283,chr17_42345522,12646,673,645,28,0,66,584,90.54,CACAGTTCAGTCCACATCTCCATGGTCTGCTGCTGATTTTTATTCTCTTTCTCTCCTACTTATAGAGCAGGTATCTTGAGAAGCCAATGGAGATTGCCCGGATTGTGGCCCGGTGCCTGTGGGAAGAATCACGCCTTCTACAGACTGCAGCCAACTGCGGCCCAGGTGAGACCTGAGACAAAACAAATCCCTGGTCTGGGAG,var41,Insertion,Intronic,0.0
GEP00001_04,D5,FLD0284,chr17_42345522,37453,2417,2329,88,0,172,1016,43.62,CACAGTTCAGTCCACATCTCCATGGTCTGCTGCTGATTTTTATTCTCTTTCTCTCCTACTTATAGAGCAGGTATCTTGAGAAGCCAATGGAGATTGCCCGGATTGTGGCCCGGTGCCTGTGGGAAGAATCACGCCTTCTACAGACTGCAGCCACTGCGGCCCAGGTGAGACCTGAGACAAAACAAATCCCTGGTCTGGGAG,var3,WildType,WildType,0.0
GEP00001_04,D5,FLD0284,chr17_42345522,37453,2417,2329,88,0,172,1164,49.98,CACAGTTCAGTCCACATCTCCATGGTCTGCTGCTGATTTTTATTCTCTTTCTCTCCTACTTATAGAGCAGGTATCTTGAGAAGCCAATGGAGATTGCCCGGATTGTGGCCCGGTGCCTGTGGGAAGAATCACGCCTTCTACAGACTGCAGCCCAGGTGAGACCTGAGACAAAACAAATCCCTGGTCTGGGAG,var43,Deletion,Intronic,0.0
GEP00001_04,D6,FLD0285,chr17_42345522,8934,227,217,10,0,122,98,45.16,CACAGTTCAGTCCACATCTCCATGGTCTGCTGCTGATTTTTATTCTCTTTCTCTCCTACTTATAGAGCAGGTATCTTGAGAAGCCAATGGAGATTGCCCGGATTGTGGCCCGGTGCCTGTGGGAAGAATCACGCCTTCTACAGACTGCAGCCAACTGCGGCCCAGGTGAGACCTGAGACAAAACAAATCCCTGGTCTGGGAG,var41,Insertion,Intronic,0.0
GEP00001_04,D7,FLD0286,chr17_42345522,6661,235,223,12,0,142,86,38.57,CACAGTTCAGTCCACATCTCCATGGTCTGCTGCTGATTTTTATTCTCTTTCTCTCCTACTTATAGAGCAGGTATCTTGAGAAGCCAATGGAGATTGCCCGGATTGTGGCCCGGTGCCTGTGGGAAGAATCACGCCTTCTACAGACTGCAGCCTGCGGCCCAGGTGAGACCTGAGACAAAACAAATCCCTGGTCTGGGAG,var48,Deletion,Intronic,0.0
GEP00001_04,D8,FLD0287,chr17_42345522,11400,367,348,19,0,67,282,81.03,CACAGTTCAGTCCACATCTCCATGGTCTGCTGCTGATTTTTATTCTCTTTCTCTCCTACTTATAGAGCAGGTATCTTGAGAAGCCAATGGAGATTGCCCGGATTGTGGCCCGGTGCCTGTGGGAAGAATCACGCCTTCTACAGACTGCAGCCAACTGCGGCCCAGGTGAGACCTGAGACAAAACAAATCCCTGGTCTGGGAG,var41,Insertion,Intronic,0.0
GEP00001_04,D9,FLD0288,chr17_42345522,22819,1058,1008,50,0,115,897,88.99,CACAGTTCAGTCCACATCTCCATGGTCTGCTGCTGATTTTTATTCTCTTTCTCTCCTACTTATAGAGCAGGTATCTTGAGAAGCCAATGGAGATTGCCCGGATTGTGGCCCGGTGCCTGTGGGAAGAATCACGCCTTCTACAGACTGCAGCCAACTGCGGCCCAGGTGAGACCTGAGACAAAACAAATCCCTGGTCTGGGAG,var41,Insertion,Intronic,0.0
