sequencing_sample_name,sequencing_barcode,variant_type,cDNA_effect,protein_effect,codons,chromosome,position,sequence_ref,sequence_alt,allele_fraction,depth,quality,amplicon,gene_id,exon,offset_from_primer_end,indel_length,sequence_forward_context,sequence_alleles,sequence_reverse_context,ge_score
GE-P1B4-C,FLD0193,frameshift,c.330_331dupGG,p.E111Gfs*28,gaa/gGGaa,chr17,40497617,T,TCC,0.397,13568,451,STAT3.2.in__STAT3.3.in__STAT3.4.in,ENSG00000168610,4 of 24,58,2,ATTCT,T/TCC,CCCAC,1
GE-P1B5-C,FLD0194,frameshift,c.331delG,p.E111Kfs*27,Gaa/aa,chr17,40497617,TC,T,0.011,1059,133,STAT3.2.in__STAT3.3.in__STAT3.4.in,ENSG00000168610,4 of 24,58,-1,ATTCT,TC/T,CCACA,1
GE-P1B5-C,FLD0194,inframe_deletion,c.310_321delATTGTGGCCCGG,p.I104_R107del,ATTGTGGCCCGG/-,chr17,40497627,ACCGGGCCACAAT,A,0.019,1005,147,STAT3.2.in__STAT3.3.in__STAT3.4.in,ENSG00000168610,4 of 24,68,-12,CAGGC,ACCGGGCCACAAT/A,CCGGG,1
GE-P1B5-C,FLD0194,frameshift,c.316dupG,p.A106Gfs*66,gcc/gGcc,chr17,40497632,G,GC,0.011,996,125,STAT3.2.in__STAT3.3.in__STAT3.4.in,ENSG00000168610,4 of 24,73,1,ACCGG,G/GC,CCACA,1
GE-P1B5-C,FLD0194,frameshift,c.314_315dupTG,p.A106Wfs*33,-/TG,chr17,40497633,C,CCA,0.011,996,128,STAT3.2.in__STAT3.3.in__STAT3.4.in,ENSG00000168610,4 of 24,74,2,CCGGG,C/CCA,CACAA,1
GE-P1B8-C,FLD0197,inframe_deletion,c.327_344delGTGGGAAGAATCACGCCT,p.W110_L115del,ctGTGGGAAGAATCACGCCTt/ctt,chr17,40497604,AAGGCGTGATTCTTCCCAC,A,0.966,23863,546,STAT3.2.in__STAT3.3.in__STAT3.4.in,ENSG00000168610,4 of 24,45,-18,TGTAG,AAGGCGTGATTCTTCCCAC/A,AGGCA,1
GE-P1B9-C,FLD0198,frameshift,c.331dupG,p.E111Gfs*61,gaa/gGaa,chr17,40497617,T,TC,0.98,38049,557,STAT3.2.in__STAT3.3.in__STAT3.4.in,ENSG00000168610,4 of 24,58,1,ATTCT,T/TC,CCCAC,1
GE-P1C5-C,FLD0202,frameshift,c.331delG,p.E111Kfs*27,Gaa/aa,chr17,40497617,TC,T,0.52,34082,530,STAT3.2.in__STAT3.3.in__STAT3.4.in,ENSG00000168610,4 of 24,58,-1,ATTCT,TC/T,CCACA,1
GE-P1C7-C,FLD0204,frameshift,c.331dupG,p.E111Gfs*61,gaa/gGaa,chr17,40497617,T,TC,0.984,27522,540,STAT3.2.in__STAT3.3.in__STAT3.4.in,ENSG00000168610,4 of 24,58,1,ATTCT,T/TC,CCCAC,1
GE-P1C9-C,FLD0206,inframe_deletion,c.327_344delGTGGGAAGAATCACGCCT,p.W110_L115del,ctGTGGGAAGAATCACGCCTt/ctt,chr17,40497604,AAGGCGTGATTCTTCCCAC,A,0.654,57549,570,STAT3.2.in__STAT3.3.in__STAT3.4.in,ENSG00000168610,4 of 24,45,-18,TGTAG,AAGGCGTGATTCTTCCCAC/A,AGGCA,1
GE-P1C9-C,FLD0206,frameshift,c.331delG,p.E111Kfs*27,Gaa/aa,chr17,40497617,TC,T,0.333,56658,531,STAT3.2.in__STAT3.3.in__STAT3.4.in,ENSG00000168610,4 of 24,58,-1,ATTCT,TC/T,CCACA,1
GE-P1E3-C,FLD0210,frameshift,c.331dupG,p.E111Gfs*61,gaa/gGaa,chr17,40497617,T,TC,0.531,31576,515,STAT3.2.in__STAT3.3.in__STAT3.4.in,ENSG00000168610,4 of 24,58,1,ATTCT,T/TC,CCCAC,1
GE-P1E4-C,FLD0211,frameshift,c.331delG,p.E111Kfs*27,Gaa/aa,chr17,40497617,TC,T,0.898,3474,434,STAT3.2.in__STAT3.3.in__STAT3.4.in,ENSG00000168610,4 of 24,58,-1,ATTCT,TC/T,CCACA,1
GE-P1E4-C,FLD0211,frameshift,c.313delG,p.V105Wfs*33,Gtg/tg,chr17,40497635,AC,A,0.036,3479,263,STAT3.2.in__STAT3.3.in__STAT3.4.in,ENSG00000168610,4 of 24,76,-1,GGGCC,AC/A,AATCC,1
GE-P1E6-C,FLD0213,frameshift,c.331dupG,p.E111Gfs*61,gaa/gGaa,chr17,40497617,T,TC,0.976,35354,550,STAT3.2.in__STAT3.3.in__STAT3.4.in,ENSG00000168610,4 of 24,58,1,ATTCT,T/TC,CCCAC,1
GE-P1E7-C,FLD0214,frameshift,c.331dupG,p.E111Gfs*61,gaa/gGaa,chr17,40497617,T,TC,0.972,13815,503,STAT3.2.in__STAT3.3.in__STAT3.4.in,ENSG00000168610,4 of 24,58,1,ATTCT,T/TC,CCCAC,1
GE-P1E9-C,FLD0216,frameshift,c.331delG,p.E111Kfs*27,Gaa/aa,chr17,40497617,TC,T,0.494,48505,545,STAT3.2.in__STAT3.3.in__STAT3.4.in,ENSG00000168610,4 of 24,58,-1,ATTCT,TC/T,CCACA,1
GE-P1E9-C,FLD0216,frameshift,c.328_329delTG,p.W110Gfs*61,TGg/g,chr17,40497619,CCA,C,0.483,48472,544,STAT3.2.in__STAT3.3.in__STAT3.4.in,ENSG00000168610,4 of 24,60,-2,TCTTC,CCA/C,CAGGC,1
GE-P2D4-C,FLD0217,frameshift,c.314_315dupTG,p.A106Wfs*33,-/TG,chr17,40497633,C,CCA,0.975,49713,571,STAT3.2.in__STAT3.3.in__STAT3.4.in,ENSG00000168610,4 of 24,74,2,CCGGG,C/CCA,CACAA,1
GE-P2D6-C,FLD0219,frameshift,c.313delG,p.V105Wfs*33,Gtg/tg,chr17,40497635,AC,A,0.481,137163,605,STAT3.2.in__STAT3.3.in__STAT3.4.in,ENSG00000168610,4 of 24,76,-1,GGGCC,AC/A,AATCC,1
GE-P2D8-C,FLD0221,inframe_deletion,c.310_321delATTGTGGCCCGG,p.I104_R107del,ATTGTGGCCCGG/-,chr17,40497627,ACCGGGCCACAAT,A,0.575,393750,668,STAT3.2.in__STAT3.3.in__STAT3.4.in,ENSG00000168610,4 of 24,68,-12,CAGGC,ACCGGGCCACAAT/A,CCGGG,1
GE-P2D9-C,FLD0222,inframe_deletion,c.310_321delATTGTGGCCCGG,p.I104_R107del,ATTGTGGCCCGG/-,chr17,40497627,ACCGGGCCACAAT,A,0.601,436645,678,STAT3.2.in__STAT3.3.in__STAT3.4.in,ENSG00000168610,4 of 24,68,-12,CAGGC,ACCGGGCCACAAT/A,CCGGG,1
GE-P2D9-C,FLD0222,frameshift,c.316dupG,p.A106Gfs*66,gcc/gGcc,chr17,40497632,G,GC,0.375,436638,621,STAT3.2.in__STAT3.3.in__STAT3.4.in,ENSG00000168610,4 of 24,73,1,ACCGG,G/GC,CCACA,1
GE-P2E4-C,FLD0225,frameshift,c.315_316insCGGATGGAGGCGGATAAAGTTGCAGGACC,p.A106Rfs*42,-/CGGATGGAGGCGGATAAAGTTGCAGGACC,chr17,40497633,C,CGGTCCTGCAACTTTATCCGCCTCCATCCG,0.986,92979,600,STAT3.2.in__STAT3.3.in__STAT3.4.in,ENSG00000168610,4 of 24,74,29,CCGGG,C/CGGTCCTGCAACTTTATCCGCCTCCATCCG,CACAA,1
GE-P2E7-C,FLD0228,frameshift,c.316delG,p.A106Pfs*32,Gcc/cc,chr17,40497632,GC,G,0.507,192083,626,STAT3.2.in__STAT3.3.in__STAT3.4.in,ENSG00000168610,4 of 24,73,-1,ACCGG,GC/G,CACAA,1
GE-P2E7-C,FLD0228,frameshift,c.314_315dupTG,p.A106Wfs*33,-/TG,chr17,40497633,C,CCA,0.477,192083,606,STAT3.2.in__STAT3.3.in__STAT3.4.in,ENSG00000168610,4 of 24,74,2,CCGGG,C/CCA,CACAA,1
GE-P2E8-C,FLD0229,frameshift,c.314_323delTGGCCCGGTG,p.V105Afs*30,gTGGCCCGGTGc/gc,chr17,40497625,GCACCGGGCCA,G,0.015,131698,414,STAT3.2.in__STAT3.3.in__STAT3.4.in,ENSG00000168610,4 of 24,66,-10,CACAG,GCACCGGGCCA/G,CAATC,1
GE-P2E11-C,FLD0232,frameshift,c.314_315dupTG,p.A106Wfs*33,-/TG,chr17,40497633,C,CCA,0.981,147495,632,STAT3.2.in__STAT3.3.in__STAT3.4.in,ENSG00000168610,4 of 24,74,2,CCGGG,C/CCA,CACAA,1
GE-P2F4-C,FLD0233,inframe_deletion,c.310_321delATTGTGGCCCGG,p.I104_R107del,ATTGTGGCCCGG/-,chr17,40497627,ACCGGGCCACAAT,A,0.525,49762,553,STAT3.2.in__STAT3.3.in__STAT3.4.in,ENSG00000168610,4 of 24,68,-12,CAGGC,ACCGGGCCACAAT/A,CCGGG,1
GE-P2F4-C,FLD0233,frameshift,c.315_316insT,p.A106Cfs*66,-/T,chr17,40497633,C,CA,0.457,49756,542,STAT3.2.in__STAT3.3.in__STAT3.4.in,ENSG00000168610,4 of 24,74,1,CCGGG,C/CA,CACAA,1
GE-P2F8-C,FLD0237,frameshift,c.315_316insA,p.A106Sfs*66,-/A,chr17,40497633,C,CT,0.494,176575,605,STAT3.2.in__STAT3.3.in__STAT3.4.in,ENSG00000168610,4 of 24,74,1,CCGGG,C/CT,CACAA,1
GE-P2F10-C,FLD0239,inframe_deletion,c.310_321delATTGTGGCCCGG,p.I104_R107del,ATTGTGGCCCGG/-,chr17,40497627,ACCGGGCCACAAT,A,0.517,9024,458,STAT3.2.in__STAT3.3.in__STAT3.4.in,ENSG00000168610,4 of 24,68,-12,CAGGC,ACCGGGCCACAAT/A,CCGGG,1
GE-P2F10-C,FLD0239,frameshift,c.314_315dupTG,p.A106Wfs*33,-/TG,chr17,40497633,C,CCA,0.446,9025,440,STAT3.2.in__STAT3.3.in__STAT3.4.in,ENSG00000168610,4 of 24,74,2,CCGGG,C/CCA,CACAA,1
GE-P3B4-C,FLD0241,frameshift,c.165_169delGGTGT,p.L55Ffs*3,ttGGTGTtt/tttt,chr17,40498690,AACACC,A,0.469,39071,536,STAT3.1.in,ENSG00000168610,3 of 24,52,-5,TATGA,AACACC/A,AAAGT,1
GE-P3B4-C,FLD0241,frameshift,c.163_164delTT,p.L55Gfs*4,TTg/g,chr17,40498695,CAA,C,0.523,39055,538,STAT3.1.in,ENSG00000168610,3 of 24,57,-2,AACAC,CAA/C,AGTGG,1
GE-P3B5-C,FLD0242,frameshift,c.152_174delCACATGCCACTTTGGTGTTTCAT,p.S51*,tCACATGCCACTTTGGTGTTTCAT/t,chr17,40498685,TATGAAACACCAAAGTGGCATGTG,T,0.52,77939,573,STAT3.1.in,ENSG00000168610,3 of 24,47,-23,GAGAT,TATGAAACACCAAAGTGGCATGTG/T,ATTCT,1
GE-P3B5-C,FLD0242,frameshift,c.163_164dupTT,p.L55Ffs*84,ttg/ttTTg,chr17,40498695,C,CAA,0.467,77722,568,STAT3.1.in,ENSG00000168610,3 of 24,57,2,AACAC,C/CAA,AAAGT,1
GE-P3B6-C,FLD0243,frameshift,c.164dupT,p.L55Ffs*5,ttg/ttTg,chr17,40498695,C,CA,0.014,4766,228,STAT3.1.in,ENSG00000168610,3 of 24,57,1,AACAC,C/CA,AAAGT,1
GE-P3B8-C,FLD0245,frameshift,c.166dupG,p.V56Gfs*4,gtg/gGtg,chr17,40498693,A,AC,0.463,39872,524,STAT3.1.in,ENSG00000168610,3 of 24,55,1,GAAAC,A/AC,CCAAA,1
GE-P3B8-C,FLD0245,frameshift,c.164_165delTG,p.L55Cfs*4,tTG/t,chr17,40498694,CCA,C,0.529,39864,540,STAT3.1.in,ENSG00000168610,3 of 24,56,-2,AAACA,CCA/C,AAGTG,1
GE-P3B10-C,FLD0247,frameshift,c.164delT,p.L55Wfs*83,tTg/tg,chr17,40498695,CA,C,0.462,9602,455,STAT3.1.in,ENSG00000168610,3 of 24,57,-1,AACAC,CA/C,AAGTG,1
GE-P3B10-C,FLD0247,frameshift,c.153_163delACATGCCACTT,p.H52Gfs*4,tcACATGCCACTTtg/tctg,chr17,40498696,AAAGTGGCATGT,A,0.526,9602,463,STAT3.1.in,ENSG00000168610,3 of 24,58,-11,ACACC,AAAGTGGCATGT/A,GATTC,1
GE-P3B11-C,FLD0248,inframe_deletion,c.165_173delGGTGTTTCA,p.L55_H58delinsF,ttGGTGTTTCAt/ttt,chr17,40498686,ATGAAACACC,A,0.583,45009,556,STAT3.1.in,ENSG00000168610,3 of 24,48,-9,AGATT,ATGAAACACC/A,AAAGT,1
GE-P3B11-C,FLD0248,frameshift,c.163_164dupTT,p.L55Ffs*84,ttg/ttTTg,chr17,40498695,C,CAA,0.413,44981,533,STAT3.1.in,ENSG00000168610,3 of 24,57,2,AACAC,C/CAA,AAAGT,1
GE-P3C2-C,FLD0249,inframe_deletion,c.166_180delGTGTTTCATAATCTC,p.V56_L60del,GTGTTTCATAATCTC/-,chr17,40498679,GGAGATTATGAAACAC,G,0.637,61918,572,STAT3.1.in,ENSG00000168610,3 of 24,41,-15,TCCCA,GGAGATTATGAAACAC/G,CAAAG,1
GE-P3C2-C,FLD0249,frameshift,c.164delT,p.L55Wfs*83,tTg/tg,chr17,40498695,CA,C,0.356,61947,543,STAT3.1.in,ENSG00000168610,3 of 24,57,-1,AACAC,CA/C,AAGTG,1
GE-P3C3-C,FLD0250,frameshift,c.164_167delTGGT,p.L55Cfs*82,tTGGTg/tg,chr17,40498692,CACCA,C,0.994,39476,575,STAT3.1.in,ENSG00000168610,3 of 24,54,-4,TGAAA,CACCA/C,AAGTG,1
GE-P3C4-C,FLD0251,frameshift,c.164dupT,p.L55Ffs*5,ttg/ttTg,chr17,40498695,C,CA,0.987,30692,559,STAT3.1.in,ENSG00000168610,3 of 24,57,1,AACAC,C/CA,AAAGT,1
GE-P3C7-C,FLD0254,frameshift,c.164delT,p.L55Wfs*83,tTg/tg,chr17,40498695,CA,C,0.993,43244,578,STAT3.1.in,ENSG00000168610,3 of 24,57,-1,AACAC,CA/C,AAGTG,1
GE-P3C9-C,FLD0256,frameshift,c.164dupT,p.L55Ffs*5,ttg/ttTg,chr17,40498695,C,CA,0.986,6661,476,STAT3.1.in,ENSG00000168610,3 of 24,57,1,AACAC,C/CA,AAAGT,1
GE-P3D4-C,FLD0257,frameshift,c.153_178delACATGCCACTTTGGTGTTTCATAATC,p.H52Pfs*5,tcACATGCCACTTTGGTGTTTCATAATCtc/tctc,chr17,40498681,AGATTATGAAACACCAAAGTGGCATGT,A,0.624,35758,544,STAT3.1.in,ENSG00000168610,3 of 24,43,-26,CCAGG,AGATTATGAAACACCAAAGTGGCATGT/A,GATTC,1
GE-P3D4-C,FLD0257,frameshift,c.164delT,p.L55Wfs*83,tTg/tg,chr17,40498695,CA,C,0.369,35684,514,STAT3.1.in,ENSG00000168610,3 of 24,57,-1,AACAC,CA/C,AAGTG,1
GE-P3D5-C,FLD0258,frameshift,c.158_168delCCACTTTGGTG,p.A53Vfs*3,gCCACTTTGGTG/g,chr17,40498691,ACACCAAAGTGG,A,0.294,129997,575,STAT3.1.in,ENSG00000168610,3 of 24,53,-11,ATGAA,ACACCAAAGTGG/A,CATGT,1
GE-P3D6-C,FLD0259,frameshift,c.163_164dupTT,p.L55Ffs*84,ttg/ttTTg,chr17,40498695,C,CAA,0.537,33726,530,STAT3.1.in,ENSG00000168610,3 of 24,57,2,AACAC,C/CAA,AAAGT,1
GE-P3D7-C,FLD0260,frameshift,c.161_173delCTTTGGTGTTTCA,p.T54Ifs*80,aCTTTGGTGTTTCAt/at,chr17,40498686,ATGAAACACCAAAG,A,0.524,93761,587,STAT3.1.in,ENSG00000168610,3 of 24,48,-13,AGATT,ATGAAACACCAAAG/A,TGGCA,1
GE-P3D7-C,FLD0260,frameshift,c.152_165delCACATGCCACTTTG,p.S51Cfs*4,tCACATGCCACTTTG/t,chr17,40498694,CCAAAGTGGCATGTG,C,0.473,93632,581,STAT3.1.in,ENSG00000168610,3 of 24,56,-14,AAACA,CCAAAGTGGCATGTG/C,ATTCT,1
GE-P3D8-C,FLD0261,frameshift,c.164delT,p.L55Wfs*83,tTg/tg,chr17,40498695,CA,C,0.547,24051,514,STAT3.1.in,ENSG00000168610,3 of 24,57,-1,AACAC,CA/C,AAGTG,1
GE-P3D8-C,FLD0261,frameshift,c.163_164insG,p.L55Cfs*5,ttg/tGtg,chr17,40498696,A,AC,0.447,24051,492,STAT3.1.in,ENSG00000168610,3 of 24,58,1,ACACC,A/AC,AAGTG,1
GE-P3D9-C,FLD0262,frameshift,c.165_171delGGTGTTT,p.L55Ffs*81,ttGGTGTTT/tt,chr17,40498688,GAAACACC,G,0.492,43523,543,STAT3.1.in,ENSG00000168610,3 of 24,50,-7,ATTAT,GAAACACC/G,AAAGT,1
GE-P3D9-C,FLD0262,frameshift,c.158_165delCCACTTTG,p.A53Gfs*4,gCCACTTTG/g,chr17,40498694,CCAAAGTGG,C,0.503,43515,542,STAT3.1.in,ENSG00000168610,3 of 24,56,-8,AAACA,CCAAAGTGG/C,CATGT,1
GE-P4B2-C,FLD0265,frameshift,c.361dupA,p.T121Nfs*51,act/aAct,chr17,40497587,G,GT,0.988,4777,456,STAT3.2.in__STAT3.3.in__STAT3.4.in,ENSG00000168610,4 of 24,28,1,CCGCA,G/GT,TGGCT,1
GE-P4B3-C,FLD0266,frameshift,c.361dupA,p.T121Nfs*51,act/aAct,chr17,40497587,G,GT,0.921,543,336,STAT3.2.in__STAT3.3.in__STAT3.4.in,ENSG00000168610,4 of 24,28,1,CCGCA,G/GT,TGGCT,1
GE-P4B4-C,FLD0267,inframe_deletion,c.310_321delATTGTGGCCCGG,p.I104_R107del,ATTGTGGCCCGG/-,chr17,40497627,ACCGGGCCACAAT,A,0.011,377,75,STAT3.2.in__STAT3.3.in__STAT3.4.in,ENSG00000168610,4 of 24,68,-12,CAGGC,ACCGGGCCACAAT/A,CCGGG,1
GE-P4B5-C,FLD0268,frameshift,c.362dupC,p.A122Cfs*50,act/acCt,chr17,40497586,A,AG,0.492,6345,429,STAT3.2.in__STAT3.3.in__STAT3.4.in,ENSG00000168610,4 of 24,27,1,GCCGC,A/AG,GTGGC,1
GE-P4B5-C,FLD0268,frameshift,c.361dupA,p.T121Nfs*51,act/aAct,chr17,40497587,G,GT,0.49,6344,432,STAT3.2.in__STAT3.3.in__STAT3.4.in,ENSG00000168610,4 of 24,28,1,CCGCA,G/GT,TGGCT,1
GE-P4B6-C,FLD0269,frameshift,c.361dupA,p.T121Nfs*51,act/aAct,chr17,40497587,G,GT,0.985,5306,463,STAT3.2.in__STAT3.3.in__STAT3.4.in,ENSG00000168610,4 of 24,28,1,CCGCA,G/GT,TGGCT,1
GE-P4B7-C,FLD0270,frameshift,c.361dupA,p.T121Nfs*51,act/aAct,chr17,40497587,G,GT,0.938,841,358,STAT3.2.in__STAT3.3.in__STAT3.4.in,ENSG00000168610,4 of 24,28,1,CCGCA,G/GT,TGGCT,1
GE-P4B8-C,FLD0271,frameshift,c.361_362dupAC,p.A122Lfs*17,act/acACt,chr17,40497586,A,AGT,0.017,229,74,STAT3.2.in__STAT3.3.in__STAT3.4.in,ENSG00000168610,4 of 24,27,2,GCCGC,A/AGT,GTGGC,1
GE-P4B8-C,FLD0271,frameshift,c.361dupA,p.T121Nfs*51,act/aAct,chr17,40497587,G,GT,0.799,229,282,STAT3.2.in__STAT3.3.in__STAT3.4.in,ENSG00000168610,4 of 24,28,1,CCGCA,G/GT,TGGCT,1
GE-P4B8-C,FLD0271,inframe_deletion,c.310_321delATTGTGGCCCGG,p.I104_R107del,ATTGTGGCCCGG/-,chr17,40497627,ACCGGGCCACAAT,A,0.023,256,97,STAT3.2.in__STAT3.3.in__STAT3.4.in,ENSG00000168610,4 of 24,68,-12,CAGGC,ACCGGGCCACAAT/A,CCGGG,1
GE-P4B8-C,FLD0271,frameshift,c.314_315dupTG,p.A106Wfs*33,-/TG,chr17,40497633,C,CCA,0.02,256,86,STAT3.2.in__STAT3.3.in__STAT3.4.in,ENSG00000168610,4 of 24,74,2,CCGGG,C/CCA,CACAA,1
GE-P4B9-C,FLD0272,inframe_deletion,c.361_369delACTGCGGCC,p.T121_A123del,ACTGCGGCC/-,chr17,40497579,GGGCCGCAGT,G,0.648,196,264,STAT3.2.in__STAT3.3.in__STAT3.4.in,ENSG00000168610,4 of 24,20,-9,CACCT,GGGCCGCAGT/G,GGCTG,1
GE-P4B9-C,FLD0272,frameshift,c.331dupG,p.E111Gfs*61,gaa/gGaa,chr17,40497617,T,TC,0.014,217,59,STAT3.2.in__STAT3.3.in__STAT3.4.in,ENSG00000168610,4 of 24,58,1,ATTCT,T/TC,CCCAC,1
GE-P4B9-C,FLD0272,inframe_deletion,c.310_321delATTGTGGCCCGG,p.I104_R107del,ATTGTGGCCCGG/-,chr17,40497627,ACCGGGCCACAAT,A,0.036,221,97,STAT3.2.in__STAT3.3.in__STAT3.4.in,ENSG00000168610,4 of 24,68,-12,CAGGC,ACCGGGCCACAAT/A,CCGGG,1
GE-P4B9-C,FLD0272,frameshift,c.316dupG,p.A106Gfs*66,gcc/gGcc,chr17,40497632,G,GC,0.014,221,58,STAT3.2.in__STAT3.3.in__STAT3.4.in,ENSG00000168610,4 of 24,73,1,ACCGG,G/GC,CCACA,1
GE-P4B9-C,FLD0272,frameshift,c.314_315dupTG,p.A106Wfs*33,-/TG,chr17,40497633,C,CCA,0.014,221,48,STAT3.2.in__STAT3.3.in__STAT3.4.in,ENSG00000168610,4 of 24,74,2,CCGGG,C/CCA,CACAA,1
GE-P4C2-C,FLD0273,frameshift,c.361dupA,p.T121Nfs*51,act/aAct,chr17,40497587,G,GT,0.975,2395,418,STAT3.2.in__STAT3.3.in__STAT3.4.in,ENSG00000168610,4 of 24,28,1,CCGCA,G/GT,TGGCT,1
GE-P4C3-C,FLD0274,inframe_deletion,c.363_368delTGCGGC,p.A122_A123del,acTGCGGCc/acc,chr17,40497580,GGCCGCA,G,0.492,4191,409,STAT3.2.in__STAT3.3.in__STAT3.4.in,ENSG00000168610,4 of 24,21,-6,ACCTG,GGCCGCA/G,GTGGC,1
GE-P4C3-C,FLD0274,frameshift,c.361dupA,p.T121Nfs*51,act/aAct,chr17,40497587,G,GT,0.487,4187,412,STAT3.2.in__STAT3.3.in__STAT3.4.in,ENSG00000168610,4 of 24,28,1,CCGCA,G/GT,TGGCT,1
GE-P4C4-C,FLD0275,frameshift,c.361dupA,p.T121Nfs*51,act/aAct,chr17,40497587,G,GT,0.955,823,360,STAT3.2.in__STAT3.3.in__STAT3.4.in,ENSG00000168610,4 of 24,28,1,CCGCA,G/GT,TGGCT,1
GE-P4C5-C,FLD0276,frameshift,c.361dupA,p.T121Nfs*51,act/aAct,chr17,40497587,G,GT,0.962,1258,383,STAT3.2.in__STAT3.3.in__STAT3.4.in,ENSG00000168610,4 of 24,28,1,CCGCA,G/GT,TGGCT,1
GE-P4C6-C,FLD0277,frameshift,c.361dupA,p.T121Nfs*51,act/aAct,chr17,40497587,G,GT,0.979,1830,404,STAT3.2.in__STAT3.3.in__STAT3.4.in,ENSG00000168610,4 of 24,28,1,CCGCA,G/GT,TGGCT,1
GE-P4C7-C,FLD0278,frameshift,c.331dupG,p.E111Gfs*61,gaa/gGaa,chr17,40497617,T,TC,0.03,101,58,STAT3.2.in__STAT3.3.in__STAT3.4.in,ENSG00000168610,4 of 24,58,1,ATTCT,T/TC,CCCAC,1
GE-P4C7-C,FLD0278,inframe_deletion,c.310_321delATTGTGGCCCGG,p.I104_R107del,ATTGTGGCCCGG/-,chr17,40497627,ACCGGGCCACAAT,A,0.03,101,59,STAT3.2.in__STAT3.3.in__STAT3.4.in,ENSG00000168610,4 of 24,68,-12,CAGGC,ACCGGGCCACAAT/A,CCGGG,1
GE-P4C7-C,FLD0278,frameshift,c.316dupG,p.A106Gfs*66,gcc/gGcc,chr17,40497632,G,GC,0.02,101,38,STAT3.2.in__STAT3.3.in__STAT3.4.in,ENSG00000168610,4 of 24,73,1,ACCGG,G/GC,CCACA,1
GE-P4C7-C,FLD0278,frameshift,c.314_315dupTG,p.A106Wfs*33,-/TG,chr17,40497633,C,CCA,0.02,101,38,STAT3.2.in__STAT3.3.in__STAT3.4.in,ENSG00000168610,4 of 24,74,2,CCGGG,C/CCA,CACAA,1
GE-P4C8-C,FLD0279,frameshift,c.361_362dupAC,p.A122Lfs*17,act/acACt,chr17,40497586,A,AGT,0.49,2879,389,STAT3.2.in__STAT3.3.in__STAT3.4.in,ENSG00000168610,4 of 24,27,2,GCCGC,A/AGT,GTGGC,1
GE-P4C8-C,FLD0279,frameshift,c.361_362insT,p.T121Ifs*51,act/aTct,chr17,40497587,G,GA,0.474,2879,359,STAT3.2.in__STAT3.3.in__STAT3.4.in,ENSG00000168610,4 of 24,28,1,CCGCA,G/GA,TGGCT,1
GE-P4C9-C,FLD0280,frameshift,c.363_369delTGCGGCC,p.A122Sfs*14,acTGCGGCC/ac,chr17,40497579,GGGCCGCA,G,0.975,1489,390,STAT3.2.in__STAT3.3.in__STAT3.4.in,ENSG00000168610,4 of 24,20,-7,CACCT,GGGCCGCA/G,GTGGC,1
GE-P4D2-C,FLD0281,frameshift,c.361dupA,p.T121Nfs*51,act/aAct,chr17,40497587,G,GT,0.98,2934,430,STAT3.2.in__STAT3.3.in__STAT3.4.in,ENSG00000168610,4 of 24,28,1,CCGCA,G/GT,TGGCT,1
GE-P4D3-C,FLD0282,frameshift,c.361dupA,p.T121Nfs*51,act/aAct,chr17,40497587,G,GT,0.938,926,366,STAT3.2.in__STAT3.3.in__STAT3.4.in,ENSG00000168610,4 of 24,28,1,CCGCA,G/GT,TGGCT,1
GE-P4D4-C,FLD0283,frameshift,c.361dupA,p.T121Nfs*51,act/aAct,chr17,40497587,G,GT,0.951,717,353,STAT3.2.in__STAT3.3.in__STAT3.4.in,ENSG00000168610,4 of 24,28,1,CCGCA,G/GT,TGGCT,1
GE-P4D5-C,FLD0284,inframe_deletion,c.361_369delACTGCGGCC,p.T121_A123del,ACTGCGGCC/-,chr17,40497579,GGGCCGCAGT,G,0.524,2519,386,STAT3.2.in__STAT3.3.in__STAT3.4.in,ENSG00000168610,4 of 24,20,-9,CACCT,GGGCCGCAGT/G,GGCTG,1
GE-P4D6-C,FLD0285,frameshift,c.361dupA,p.T121Nfs*51,act/aAct,chr17,40497587,G,GT,0.465,254,256,STAT3.2.in__STAT3.3.in__STAT3.4.in,ENSG00000168610,4 of 24,28,1,CCGCA,G/GT,TGGCT,1
GE-P4D6-C,FLD0285,inframe_deletion,c.327_344delGTGGGAAGAATCACGCCT,p.W110_L115del,ctGTGGGAAGAATCACGCCTt/ctt,chr17,40497604,AAGGCGTGATTCTTCCCAC,A,0.057,261,146,STAT3.2.in__STAT3.3.in__STAT3.4.in,ENSG00000168610,4 of 24,45,-18,TGTAG,AAGGCGTGATTCTTCCCAC/A,AGGCA,1
GE-P4D6-C,FLD0285,inframe_deletion,c.310_321delATTGTGGCCCGG,p.I104_R107del,ATTGTGGCCCGG/-,chr17,40497627,ACCGGGCCACAAT,A,0.039,257,120,STAT3.2.in__STAT3.3.in__STAT3.4.in,ENSG00000168610,4 of 24,68,-12,CAGGC,ACCGGGCCACAAT/A,CCGGG,1
GE-P4D6-C,FLD0285,frameshift,c.315_316insA,p.A106Sfs*66,-/A,chr17,40497633,C,CT,0.023,257,97,STAT3.2.in__STAT3.3.in__STAT3.4.in,ENSG00000168610,4 of 24,74,1,CCGGG,C/CT,CACAA,1
GE-P4D7-C,FLD0286,frameshift,c.361_362delAC,p.T121Cfs*50,ACt/t,chr17,40497586,AGT,A,0.407,253,250,STAT3.2.in__STAT3.3.in__STAT3.4.in,ENSG00000168610,4 of 24,27,-2,GCCGC,AGT/A,GGCTG,1
GE-P4D7-C,FLD0286,inframe_deletion,c.327_344delGTGGGAAGAATCACGCCT,p.W110_L115del,ctGTGGGAAGAATCACGCCTt/ctt,chr17,40497604,AAGGCGTGATTCTTCCCAC,A,0.015,259,76,STAT3.2.in__STAT3.3.in__STAT3.4.in,ENSG00000168610,4 of 24,45,-18,TGTAG,AAGGCGTGATTCTTCCCAC/A,AGGCA,1
GE-P4D7-C,FLD0286,frameshift,c.331dupG,p.E111Gfs*61,gaa/gGaa,chr17,40497617,T,TC,0.058,259,145,STAT3.2.in__STAT3.3.in__STAT3.4.in,ENSG00000168610,4 of 24,58,1,ATTCT,T/TC,CCCAC,1
GE-P4D7-C,FLD0286,inframe_deletion,c.310_321delATTGTGGCCCGG,p.I104_R107del,ATTGTGGCCCGG/-,chr17,40497627,ACCGGGCCACAAT,A,0.101,258,177,STAT3.2.in__STAT3.3.in__STAT3.4.in,ENSG00000168610,4 of 24,68,-12,CAGGC,ACCGGGCCACAAT/A,CCGGG,1
GE-P4D7-C,FLD0286,frameshift,c.316dupG,p.A106Gfs*66,gcc/gGcc,chr17,40497632,G,GC,0.031,258,111,STAT3.2.in__STAT3.3.in__STAT3.4.in,ENSG00000168610,4 of 24,73,1,ACCGG,G/GC,CCACA,1
GE-P4D8-C,FLD0287,frameshift,c.361dupA,p.T121Nfs*51,act/aAct,chr17,40497587,G,GT,0.859,391,314,STAT3.2.in__STAT3.3.in__STAT3.4.in,ENSG00000168610,4 of 24,28,1,CCGCA,G/GT,TGGCT,1
GE-P4D9-C,FLD0288,frameshift,c.361dupA,p.T121Nfs*51,act/aAct,chr17,40497587,G,GT,0.94,1106,374,STAT3.2.in__STAT3.3.in__STAT3.4.in,ENSG00000168610,4 of 24,28,1,CCGCA,G/GT,TGGCT,1
GE-P3C3-G,FLD0291,frameshift,c.164_167delTGGT,p.L55Cfs*82,tTGGTg/tg,chr17,40498692,CACCA,C,0.988,34738,568,STAT3.1.in,ENSG00000168610,3 of 24,54,-4,TGAAA,CACCA/C,AAGTG,1
GE-P3C3-G,FLD0291,inframe_deletion,c.310_321delATTGTGGCCCGG,p.I104_R107del,ATTGTGGCCCGG/-,chr17,40497627,ACCGGGCCACAAT,A,0.012,412,84,STAT3.2.in__STAT3.3.in__STAT3.4.in,ENSG00000168610,4 of 24,68,-12,CAGGC,ACCGGGCCACAAT/A,CCGGG,1
GE-P3C3-G,FLD0291,frameshift,c.315_316delGG,p.A106Pfs*65,gtGGcc/gtcc,chr17,40497632,GCC,G,0.012,413,74,STAT3.2.in__STAT3.3.in__STAT3.4.in,ENSG00000168610,4 of 24,73,-2,ACCGG,GCC/G,ACAAT,1
GE-P3C3-G,FLD0291,frameshift,c.315_316insA,p.A106Sfs*66,-/A,chr17,40497633,C,CT,0.511,413,281,STAT3.2.in__STAT3.3.in__STAT3.4.in,ENSG00000168610,4 of 24,74,1,CCGGG,C/CT,CACAA,1
GE-P3D9-G,FLD0292,frameshift,c.165_171delGGTGTTT,p.L55Ffs*81,ttGGTGTTT/tt,chr17,40498688,GAAACACC,G,0.484,118532,597,STAT3.1.in,ENSG00000168610,3 of 24,50,-7,ATTAT,GAAACACC/G,AAAGT,1
GE-P3D9-G,FLD0292,frameshift,c.158_165delCCACTTTG,p.A53Gfs*4,gCCACTTTG/g,chr17,40498694,CCAAAGTGG,C,0.509,118297,598,STAT3.1.in,ENSG00000168610,3 of 24,56,-8,AAACA,CCAAAGTGG/C,CATGT,1
GE-P4B5-G,FLD0293,frameshift,c.362dupC,p.A122Cfs*50,act/acCt,chr17,40497586,A,AG,0.473,2765,384,STAT3.2.in__STAT3.3.in__STAT3.4.in,ENSG00000168610,4 of 24,27,1,GCCGC,A/AG,GTGGC,1
GE-P4B5-G,FLD0293,frameshift,c.361dupA,p.T121Nfs*51,act/aAct,chr17,40497587,G,GT,0.508,2765,391,STAT3.2.in__STAT3.3.in__STAT3.4.in,ENSG00000168610,4 of 24,28,1,CCGCA,G/GT,TGGCT,1
GE-P4B6-G,FLD0294,frameshift,c.361dupA,p.T121Nfs*51,act/aAct,chr17,40497587,G,GT,0.982,2298,416,STAT3.2.in__STAT3.3.in__STAT3.4.in,ENSG00000168610,4 of 24,28,1,CCGCA,G/GT,TGGCT,1
GE-P1C5-G,FLD0295,frameshift,c.331delG,p.E111Kfs*27,Gaa/aa,chr17,40497617,TC,T,0.534,21595,504,STAT3.2.in__STAT3.3.in__STAT3.4.in,ENSG00000168610,4 of 24,58,-1,ATTCT,TC/T,CCACA,1
GE-P1C9-G,FLD0296,inframe_deletion,c.327_344delGTGGGAAGAATCACGCCT,p.W110_L115del,ctGTGGGAAGAATCACGCCTt/ctt,chr17,40497604,AAGGCGTGATTCTTCCCAC,A,0.587,27489,524,STAT3.2.in__STAT3.3.in__STAT3.4.in,ENSG00000168610,4 of 24,45,-18,TGTAG,AAGGCGTGATTCTTCCCAC/A,AGGCA,1
GE-P1C9-G,FLD0296,frameshift,c.331delG,p.E111Kfs*27,Gaa/aa,chr17,40497617,TC,T,0.402,27165,501,STAT3.2.in__STAT3.3.in__STAT3.4.in,ENSG00000168610,4 of 24,58,-1,ATTCT,TC/T,CCACA,1
GE-P2D9-G,FLD0298,inframe_deletion,c.310_321delATTGTGGCCCGG,p.I104_R107del,ATTGTGGCCCGG/-,chr17,40497627,ACCGGGCCACAAT,A,0.57,87419,588,STAT3.2.in__STAT3.3.in__STAT3.4.in,ENSG00000168610,4 of 24,68,-12,CAGGC,ACCGGGCCACAAT/A,CCGGG,1
GE-P2D9-G,FLD0298,frameshift,c.316dupG,p.A106Gfs*66,gcc/gGcc,chr17,40497632,G,GC,0.409,87419,543,STAT3.2.in__STAT3.3.in__STAT3.4.in,ENSG00000168610,4 of 24,73,1,ACCGG,G/GC,CCACA,1
GE-P2F8-G,FLD0299,frameshift,c.314_315delTG,p.V105Gfs*66,gTG/g,chr17,40497633,CCA,C,0.513,224193,632,STAT3.2.in__STAT3.3.in__STAT3.4.in,ENSG00000168610,4 of 24,74,-2,CCGGG,CCA/C,CAATC,1
